State,Abbr.,Standards document,Adopted / revised,Link,Link type,Notes,Needs review?,Why to review
Alabama,AL,2024 Alabama Course of Study: Social Studies,2024,https://alabamaachieves.org/wp-content/uploads/2025/01/AS_20250110_2024-Alabama-Course-of-Study-Social-Studies_V1.0.pdf,PDF,,,
Alaska,AK,Alaska Social Studies Standards,2024,https://education.alaska.gov/akstandards/Adopted-AK-SS-Standards-2024.pdf,PDF,,,
Arizona,AZ,Arizona History and Social Science Standards,2019,https://www.azed.gov/standards-practices/k-12standards/standards-social-studies,Web page,,,
Arkansas,AR,Arkansas Social Studies Academic Standards,2022,https://dese.ade.arkansas.gov/Offices/learning-services/curriculum-support/social-studies-standards-and-courses,Web page,,,
California,CA,History-Social Science Framework (content standards in Appendix C),Framework 2016; content standards 1998,https://www.cde.ca.gov/ci/hs/cf/hssframework.asp,Web page,,,
Colorado,CO,Colorado Academic Standards: Social Studies,2022,https://resources.finalsite.net/images/v1781015125/cdestatecous/yydpaovrvbr2qsx5snmt/ColoradoAcademicStandards-SocialStudiesStandardsP-12adopted2022_1.pdf,PDF,https://ed.cde.state.co.us/cosocialstudies/ss2022stdssintroduction --- Web Page,,
Connecticut,CT,Connecticut Elementary and Secondary Social Studies Standards,2023,https://portal.ct.gov/-/media/sde/social-studies/socialstudiesstandards.pdf,PDF,First standards in CT history; replaced the 2015 Frameworks.,,
Delaware,DE,Delaware Social Studies Standards,2018,https://education.delaware.gov/educators/academic-support/standards-and-assessments/social-studies/standards,Web page,links to standards are downloadable word docs,,
District of Columbia,DC,DC Social Studies Standards,2023,https://osse.dc.gov/node/1524706,Web page,,,
Florida,FL,Florida's State Academic Standards: Social Studies,2025,https://www.fldoe.org/file/20885/7-3.pdf,PDF,,,
Georgia,GA,Georgia Standards of Excellence (GSE): Social Studies K-12,2026,https://gadoe.org/learning/social-studies/,PDF,Possible other link: https://case.georgiastandards.org/a446e74c-463e-11e7-94f5-b49cee8b2d8c/a446e74c-463e-11e7-94f5-b49cee8b2d8c,,
Hawaii,HI,Hawai'i Core Standards for Social Studies (HCSSS),2018,https://hawaiipublicschools.org/academics/subject-matter-standards/,Web page,Grade-level documents linked from the page.,,
Idaho,ID,Idaho Content Standards: K-12 Social Studies,2025,https://www.sde.idaho.gov/wp-content/uploads/2026/05/K-12-Social-Studies-Standards.pdf,PDF,Revision went to the Legislature in 2026; confirm effective date.,,
Illinois,IL,Illinois Learning Standards for Social Science,2019,https://www.isbe.net/Documents/IL-Social-Science-Standards.pdf,PDF,,,
Indiana,IN,Indiana Academic Standards: Social Studies,2026,https://www.in.gov/doe/students/indiana-academic-standards/social-studies/,Web page,One PDF per grade and course; 2023 versions still listed.,,
Iowa,IA,Iowa Academic Standards for Social Studies,"2026 (adopted Jan 17, 2026)",https://educate.iowa.gov/media/5527/download?inline,PDF,,,
Kansas,KS,"Kansas History, Government, and Social Studies Standards",2020,https://www.ksde.gov/student-success/resources-by-subject-area/history-government-and-social-studies,Web page,"Adopted March 10, 2020.",,
Kentucky,KY,Kentucky Academic Standards for Social Studies,2022,https://www.education.ky.gov/curriculum/standards/kyacadstand/Documents/Kentucky_Academic_Standards_for_Social_Studies.pdf,PDF,,,
Louisiana,LA,Freedom Framework: K-12 Social Studies Student Standards,2022,https://doe.louisiana.gov/docs/default-source/academic-curriculum/k-12-louisiana-student-standards-for-social-studies.pdf?sfvrsn=df396518_6,PDF,First implemented 2023-24.,,
Maine,ME,Maine Learning Results for Social Studies,2019,https://www11.maine.gov/doe/index.php/learning/standards/socialstudies,Web page,word doc download,,
Maryland,MD,Maryland State Social Studies Standards and Frameworks,Standards 2020; frameworks 2018-2024,https://marylandpublicschools.org/about/Pages/DCAA/Social-Studies/MSSS.aspx,Web page,Grade-level frameworks linked from the page. - Website is currently under construction ,Yes,Board requested revisions to standards and frameworks in June 2025. Check for updated versions.
Massachusetts,MA,History and Social Science Curriculum Framework,2018,https://www.doe.mass.edu/frameworks/hss/2018-12.pdf,PDF,,,
Michigan,MI,Michigan K-12 Social Studies Standards,2019,https://www.michigan.gov/documents/mde/Final_Social_Studies_Standards_Document_655968_7.pdf,PDF,,,
Minnesota,MN,Minnesota K-12 Academic Standards in Social Studies,2024,https://education.mn.gov/MDE/dse/stds/soc/,Web page,,,
Mississippi,MS,Mississippi College and Career Readiness Standards for Social Studies,2022,https://www.sos.ms.gov/adminsearch/ACProposed/00026579b.pdf,PDF,Administrative code filing of the 2022 standards; also on mdek12.org.,,
Missouri,MO,Missouri Learning Standards: Social Studies,2016,https://dese.mo.gov/college-career-readiness/curriculum/missouri-learning-standards,Web page,K-5 and 6-12 PDFs on the page.,,
Montana,MT,Montana Content Standards for Social Studies,2021,https://opi.mt.gov/Educators/Teaching-Learning/K-12-Content-Standards/Social-Studies-Standards#accordion0-tab2,Web page,Official PDF and Excel linked from the page.,,
Nebraska,NE,Nebraska Social Studies Standards,2019 (2026 revision pending),https://www.education.ne.gov/socialstudies/standards/,Web page,Revised standards expected to be adopted fall 2026.,,
Nevada,NV,Nevada Academic Content Standards for Social Studies,2018,https://webapp-strapi-paas-prod-nde-001.azurewebsites.net/uploads/NVAC_Sfor_Social_Studies_ea0a1df6ac.pdf,Web page,,,
New Hampshire,NH,K-12 Social Studies New Hampshire Curriculum Framework,2006,https://moose.nhhistory.org/getContentAsset/9741f81a-f4b5-403e-9ac1-058f7aaa3092/73aabf56-e6e5-4330-95a3-5f2a270a1d2b/frameworks.pdf?language=en,Web page,,,
New Jersey,NJ,New Jersey Student Learning Standards: Social Studies,2020,https://www.nj.gov/education/standards/socst/,Web page,PDFs by grade band on the page. - I think this is the link that is most helpful: https://www.nj.gov/education/standards/socst/docs/2020NJSLS-SS_by_GradeBand.pdf,,
New Mexico,NM,New Mexico Social Studies Standards,2022,https://web.ped.nm.gov/wp-content/uploads/2025/01/NM-Standards-508.pdf,PDF,Teacher-friendly version.,,
New York,NY,New York State K-12 Social Studies Framework,2014; revised 2016-2017,https://nysed.gov/standards-instruction/social-studies,Web page,"Intro, K-8 and 9-12 PDFs on the page.",,
North Carolina,NC,North Carolina Standard Course of Study: Social Studies,2021,https://www.dpi.nc.gov/districts-schools/classroom-resources/office-teaching-and-learning/standard-course-study/social-studies/standard-course-study-supporting-resources#SocialStudiesStandards-8686,PDF,Grade 8 (NC and US History) only; other grades on the NCDPI Social Studies page.,,
North Dakota,ND,North Dakota Social Studies Content Standards,2019 (rev. 2023); revision under way,https://www.nd.gov/dpi/sites/www/files/documents/Academic%20Support/Rev7_2023.11.30_Social_Studies_Content%20Standards.pdf,PDF,Draft 2026 standards in review.,Yes,Revision under way; new standards expected late 2026.
Ohio,OH,Ohio's Learning Standards for Social Studies,2017,https://education.ohio.gov/Topics/Learning-in-Ohio/Social-Studies/Ohio-s-Learning-Standards-for-Social-Studies,Web page,,,
Oklahoma,OK,Oklahoma Academic Standards for Social Studies,2019 in effect; 2026 version approved by State Board,https://oklahoma.gov/content/dam/ok/en/osde/documents/services/standards-learning/social-studies/Final%202025%20SS%20OAS.pdf,Web page,,,
Oregon,OR,Oregon Social Science Standards,2024,https://www.oregon.gov/ode/educator-resources/standards/socialsciences/Documents/Final2024SocialScienceStandardsACCESSIBLE.pdf,Web page,2024 standards integrate ethnic studies.,,
Pennsylvania,PA,Academic Standards for History; Civics and Government; Economics; Geography,2002,https://www.pa.gov/agencies/stateboard/resources/regulations--policy/state-academic-standards,Web page,Separate PDF for each of the four subjects.,,
Rhode Island,RI,Rhode Island Social Studies Standards,2023,https://ride.ri.gov/sites/g/files/xkgbur806/files/2023-03/RhodeIsland_SocialStudiesStandards_FULL.pdf,PDF,,,
South Carolina,SC,South Carolina Social Studies College- and Career-Ready Standards,2019,https://ed.sc.gov/instruction/standards-learning/social-studies/standards/,Web page,This is the link to the PDF: https://ed.sc.gov/instruction/standards/social-studies/standards/2019-south-carolina-social-studies-college-and-career-ready-standards/,,
South Dakota,SD,South Dakota Social Studies Standards,2023,https://doe.sd.gov/ContentStandards/socialstudies.aspx,Web page,Here is the revised 2023 PDF: https://doe.sd.gov/ContentStandards/documents/SS-Standards-2023.pdf,,
Tennessee,TN,Tennessee Academic Standards for Social Studies,2017 in effect; 2024 revision,https://www.tn.gov/content/dam/tn/stateboardofeducation/documents/standards/social-studies-2022-2023/TN%20Academic%20Social%20Studies%20Standards_25.pdf,Web page,Revised standards take effect 2027-28. New standards adopted Feb 2024 take effect in 2027-28.,,
Texas,TX,"Texas Essential Knowledge and Skills (TEKS) for Social Studies, 19 TAC Ch. 113",K-8 2022; high school 2018-2022,https://tea.texas.gov/laws-and-rules/texas-administrative-code/19-tac-chapter-113,Web page,Lots of PDFS ,,
Utah,UT,Utah Core Standards for Social Studies,K-6 2022; 7-12 2016,https://www.uen.org/core/socialstudies/,Web page,,,
Vermont,VT,C3 Framework for Social Studies State Standards (adopted by Vermont),2017,https://education.vermont.gov/student-learning/content-areas/global-citizenship/social-studies,Web page,Vermont uses the national C3 Framework plus a Vermont K-8 framework.,,
Virginia,VA,History and Social Science Standards of Learning,2023,https://www.doe.virginia.gov/teaching-learning-assessment/k-12-standards-instruction/history-and-social-science/standards-of-learning,Web page,Full implementation Aug 2025.,,
Washington,WA,Washington K-12 Social Studies Learning Standards,2019,https://ospi.k12.wa.us/student-success/resources-subject-area/social-studies/social-studies-learning-standards,Web page,PDF Version ot the standards: https://ospi.k12.wa.us/sites/default/files/2023-08/ospi_socstudies_standards_2019.pdf,,
West Virginia,WV,Policy 2520.4: WV College- and Career-Readiness Standards for Social Studies,2024 (effective July 2025),https://apps.sos.wv.gov/adlaw/csr/readfile.aspx?DocId=57330&Format=PDF,PDF,,,
Wisconsin,WI,Wisconsin Standards for Social Studies,2018,https://dpi.wi.gov/social-studies/standards,Web page,Review began fall 2025.  Current Standards can be found in this PDF: https://dpi.wi.gov/sites/default/files/imce/standards/pdf/2018_WI_Social_Studies_Standards.pdf,,
Wyoming,WY,Wyoming Social Studies Content and Performance Standards,2014 with 2018 additions,https://edu.wyoming.gov/wp-content/uploads/2018/12/Social-Studies-Standards-20142018-additions_FINAL.pdf,PDF,Proposed 2026 standards out for input July 2026.,,