"0","words_by_state <- standards |>"
"0","  mutate(n_words = str_count(replace_na(body_standards, """"), ""\\S+"")) |>"
"0","  group_by(state) |>"
"0","  summarise(total_words = sum(n_words))"
"0",""
"0","ggplot(words_by_state, aes(x = total_words, y = fct_reorder(state, total_words))) +"
"0","  geom_col(fill = ""#2a78d6"", width = 0.75) +"
"0","  scale_x_log10(labels = scales::label_comma(), expand = expansion(mult = c(0, 0.03))) +"
"0","  labs(title = ""Total words in body_standards by state"","
"0","       x = ""Words (log scale)"", y = NULL) +"
"0","  theme_minimal(base_size = 11) +"
"0","  theme(panel.grid.major.y = element_blank(),"
"0","        panel.grid.minor = element_blank(),"
"0","        axis.text.y = element_text(size = 7))"
"2","Warning in scale_x_log10(labels = scales::label_comma(), expand = expansion(mult = c(0,  :"
"2","
 "
"2"," [38;5;252m[32mlog-10[38;5;252m transformation introduced infinite values.[39m
"
"2","Warning:"
"2"," [38;5;252mRemoved 1 row containing missing values or values outside the scale range
(`geom_col()`).[39m
"
