abbr,source_url,final_url,local_path,file_type,bytes,sha256,found_via,downloaded_at
AL,https://alabamaachieves.org/wp-content/uploads/2025/01/AS_20250110_2024-Alabama-Course-of-Study-Social-Studies_V1.0.pdf,https://alabamaachieves.org/wp-content/uploads/2025/01/AS_20250110_2024-Alabama-Course-of-Study-Social-Studies_V1.0.pdf,data/raw/AL/AS_20250110_2024-Alabama-Course-of-Study-Social-Studies_V1.0_f8e7f0.pdf,pdf,2086043,6b10872017de1911a38bc5be193098d215c3ad8de24d4aa426ddbef9e81c39a8,direct,2026-10-02T18:32:38+00:00
AK,https://education.alaska.gov/akstandards/Adopted-AK-SS-Standards-2024.pdf,https://education.alaska.gov/akstandards/Adopted-AK-SS-Standards-2024.pdf,data/raw/AK/Adopted-AK-SS-Standards-2024_09c1fb.pdf,pdf,1170896,86793e976411e605f82c566931e433479546ba45aaa96a8da0db4f3fa807120c,direct,2026-10-02T18:33:12+00:00
CO,https://resources.finalsite.net/images/v1781015125/cdestatecous/yydpaovrvbr2qsx5snmt/ColoradoAcademicStandards-SocialStudiesStandardsP-12adopted2022_1.pdf,https://resources.finalsite.net/images/v1781015125/cdestatecous/yydpaovrvbr2qsx5snmt/ColoradoAcademicStandards-SocialStudiesStandardsP-12adopted2022_1.pdf,data/raw/CO/ColoradoAcademicStandards-SocialStudiesStandardsP-12adopted2022_1_582b69.pdf,pdf,1208663,be2570b3fcd5f347a86be22dd97f942876106f33cce2435d768409eed7865b67,direct,2026-10-02T18:33:32+00:00
CT,https://portal.ct.gov/-/media/sde/social-studies/socialstudiesstandards.pdf,https://portal.ct.gov/-/media/sde/social-studies/socialstudiesstandards.pdf,data/raw/CT/socialstudiesstandards_470fc5.pdf,pdf,1529181,5f8911c21690228efaba538f67aab78e953a1a6ed576eeb716083ca683dc603a,direct,2026-10-02T18:33:37+00:00
DC,https://osse.dc.gov/sites/default/files/dc/sites/osse/page_content/attachments/To%20Approve%20DC%20Social%20Studies%20Standards%20SR23-7.pdf,https://osse.dc.gov/sites/default/files/dc/sites/osse/page_content/attachments/To%20Approve%20DC%20Social%20Studies%20Standards%20SR23-7.pdf,data/raw/DC/To_Approve_DC_Social_Studies_Standards_SR23-7_040e49.pdf,pdf,127305,4e9856627ea70fcd909b3e64b78c31edc3e44700ec26c615bc0f4ae875631464,crawled:https://osse.dc.gov/node/1524706,2026-10-02T18:33:41+00:00
DC,https://osse.dc.gov/sites/default/files/dc/sites/osse/page_content/attachments/TAL_SSStandards_SinglePageLayout_BW.pdf,https://osse.dc.gov/sites/default/files/dc/sites/osse/page_content/attachments/TAL_SSStandards_SinglePageLayout_BW.pdf,data/raw/DC/TAL_SSStandards_SinglePageLayout_BW_0760c6.pdf,pdf,1021089,dc8623ef7e59c73f2521063868d289018fa53b3554427be453d6bce2e2beb3dc,crawled:https://osse.dc.gov/node/1524706,2026-10-02T18:33:42+00:00
DC,https://osse.dc.gov/sites/default/files/dc/sites/osse/page_content/attachments/Social%20Studies%20Assessment_Rubric.pdf,https://osse.dc.gov/sites/default/files/dc/sites/osse/page_content/attachments/Social%20Studies%20Assessment_Rubric.pdf,data/raw/DC/Social_Studies_Assessment_Rubric_c71625.pdf,pdf,477431,c80348fc07415a9feb3c04f5240998c6c68732c39a0aa396e0f117909ba07b6d,crawled:https://osse.dc.gov/node/1524706,2026-10-02T18:33:43+00:00
DC,https://osse.dc.gov/sites/default/files/dc/sites/osse/page_content/attachments/Social%20Studies%20WalkthroughTool.pdf,https://osse.dc.gov/sites/default/files/dc/sites/osse/page_content/attachments/Social%20Studies%20WalkthroughTool.pdf,data/raw/DC/Social_Studies_WalkthroughTool_f50c7d.pdf,pdf,573507,a8d95107b903f534fb5d37f86a01cf584305b92f9786a6fc1f09c65672455e9c,crawled:https://osse.dc.gov/node/1524706,2026-10-02T18:33:44+00:00
DC,https://osse.dc.gov/sites/default/files/dc/sites/osse/page_content/attachments/Social%20Studies%20Supplemental%20Lesson%20Tool.pdf,https://osse.dc.gov/sites/default/files/dc/sites/osse/page_content/attachments/Social%20Studies%20Supplemental%20Lesson%20Tool.pdf,data/raw/DC/Social_Studies_Supplemental_Lesson_Tool_948fc3.pdf,pdf,746596,ae5c63bbe0b121d5f07d9560aba26b40d762c2668ede7897e3e5ad28e8170038,crawled:https://osse.dc.gov/node/1524706,2026-10-02T18:33:45+00:00
HI,https://hawaiipublicschools.org/wp-content/uploads/HCSSSgrK.pdf,https://hawaiipublicschools.org/wp-content/uploads/HCSSSgrK.pdf,data/raw/HI/HCSSSgrK_26da93.pdf,pdf,93368,1947e972bffc2ab139e2ac32d454f5ff68b2fcdaeb99db5478e47bb0cf07688c,crawled:https://hawaiipublicschools.org/academics/subject-matter-standards/,2026-10-02T18:34:00+00:00
HI,https://hawaiipublicschools.org/wp-content/uploads/HCSSSgr1.pdf,https://hawaiipublicschools.org/wp-content/uploads/HCSSSgr1.pdf,data/raw/HI/HCSSSgr1_c61d03.pdf,pdf,104281,e6219923e9a357da44c275ef08db7015ba4800a6de1e349d4fc36bd8fcb14b15,crawled:https://hawaiipublicschools.org/academics/subject-matter-standards/,2026-10-02T18:34:01+00:00
HI,https://hawaiipublicschools.org/wp-content/uploads/HCSSSgr2.pdf,https://hawaiipublicschools.org/wp-content/uploads/HCSSSgr2.pdf,data/raw/HI/HCSSSgr2_cc4e98.pdf,pdf,107720,456443d0551956502b03ac065f7dc84ffa5183c991f829c3651a5d9360393fab,crawled:https://hawaiipublicschools.org/academics/subject-matter-standards/,2026-10-02T18:34:03+00:00
HI,https://hawaiipublicschools.org/wp-content/uploads/HCSSSgr3.pdf,https://hawaiipublicschools.org/wp-content/uploads/HCSSSgr3.pdf,data/raw/HI/HCSSSgr3_83ae9b.pdf,pdf,110991,a8096aeb06e9952be8a04382e8173387aff4f911d26494ce2d576025f54bf6a6,crawled:https://hawaiipublicschools.org/academics/subject-matter-standards/,2026-10-02T18:34:04+00:00
HI,https://hawaiipublicschools.org/wp-content/uploads/HCSSSgr4.pdf,https://hawaiipublicschools.org/wp-content/uploads/HCSSSgr4.pdf,data/raw/HI/HCSSSgr4_962d88.pdf,pdf,178316,d0a0b31eb0475bc3e34c94c19ffbb8a93f42d39b1ca693f1ae628b0361705c40,crawled:https://hawaiipublicschools.org/academics/subject-matter-standards/,2026-10-02T18:34:05+00:00
HI,https://hawaiipublicschools.org/wp-content/uploads/HCSSSgr5.pdf,https://hawaiipublicschools.org/wp-content/uploads/HCSSSgr5.pdf,data/raw/HI/HCSSSgr5_85084d.pdf,pdf,168153,8ffb0137ac26112f8611fb58fd1edb9fb1a6696dcdf2c282e77477b903e1d4a8,crawled:https://hawaiipublicschools.org/academics/subject-matter-standards/,2026-10-02T18:34:06+00:00
HI,https://hawaiipublicschools.org/wp-content/uploads/HCSSSgr6WorldHist.pdf,https://hawaiipublicschools.org/wp-content/uploads/HCSSSgr6WorldHist.pdf,data/raw/HI/HCSSSgr6WorldHist_457412.pdf,pdf,326961,f7f17e1f5401317d8722e665c023ef22d15de5f884265eddda7b3d13d7ceb922,crawled:https://hawaiipublicschools.org/academics/subject-matter-standards/,2026-10-02T18:34:07+00:00
HI,https://hawaiipublicschools.org/wp-content/uploads/HCSSSgr8USHist.pdf,https://hawaiipublicschools.org/wp-content/uploads/HCSSSgr8USHist.pdf,data/raw/HI/HCSSSgr8USHist_d361b9.pdf,pdf,177546,70d3d71b8016121f7fe63b89556402dda2e744192638bd3a1223b26f4019a65b,crawled:https://hawaiipublicschools.org/academics/subject-matter-standards/,2026-10-02T18:34:08+00:00
HI,https://hawaiipublicschools.org/wp-content/uploads/HCSSSHawaiianKingdom.pdf,https://hawaiipublicschools.org/wp-content/uploads/HCSSSHawaiianKingdom.pdf,data/raw/HI/HCSSSHawaiianKingdom_da6669.pdf,pdf,108592,17530ea932903acec93a98035376fadcc2f54232c0947e6e30bb5a8c4b14ece4,crawled:https://hawaiipublicschools.org/academics/subject-matter-standards/,2026-10-02T18:34:09+00:00
HI,https://hawaiipublicschools.org/wp-content/uploads/HCSSSModernHistoryHawaii.pdf,https://hawaiipublicschools.org/wp-content/uploads/HCSSSModernHistoryHawaii.pdf,data/raw/HI/HCSSSModernHistoryHawaii_614df7.pdf,pdf,292059,2bdc31688fc5924e931fdfb444cc5f132ce4c21baeecc9bddff702ec1659a619,crawled:https://hawaiipublicschools.org/academics/subject-matter-standards/,2026-10-02T18:34:10+00:00
HI,https://hawaiipublicschools.org/wp-content/uploads/HCSSSPacificIslandStudies.pdf,https://hawaiipublicschools.org/wp-content/uploads/HCSSSPacificIslandStudies.pdf,data/raw/HI/HCSSSPacificIslandStudies_d85df1.pdf,pdf,52719,505fa35f0529271b005535016147cec95ef93784a525fe0a7a3811c67429ef30,crawled:https://hawaiipublicschools.org/academics/subject-matter-standards/,2026-10-02T18:34:11+00:00
HI,https://hawaiipublicschools.org/wp-content/uploads/HCSSSUSHistoryGovernment.pdf,https://hawaiipublicschools.org/wp-content/uploads/HCSSSUSHistoryGovernment.pdf,data/raw/HI/HCSSSUSHistoryGovernment_92def7.pdf,pdf,360321,5b515616b1859929b8579690eba206ab32891c726da2db653b74cf0e9afbf08d,crawled:https://hawaiipublicschools.org/academics/subject-matter-standards/,2026-10-02T18:34:13+00:00
HI,https://hawaiipublicschools.org/wp-content/uploads/HCSSSWorldHistoryCulture.pdf,https://hawaiipublicschools.org/wp-content/uploads/HCSSSWorldHistoryCulture.pdf,data/raw/HI/HCSSSWorldHistoryCulture_aebfd5.pdf,pdf,330631,7a3d3fd039ba4954ae6c2a7302e372d46032f63a97bcc5309330c8d0fa57248e,crawled:https://hawaiipublicschools.org/academics/subject-matter-standards/,2026-10-02T18:34:14+00:00
HI,https://hawaiipublicschools.org/wp-content/uploads/HCPSIII_AsianStudies.pdf,https://hawaiipublicschools.org/wp-content/uploads/HCPSIII_AsianStudies.pdf,data/raw/HI/HCPSIII_AsianStudies_b80bc4.pdf,pdf,172059,a8a2a41304478dfeca89f5dbdcd2715ac48bfe21af2f9b76cf6b845c33978429,crawled:https://hawaiipublicschools.org/academics/subject-matter-standards/,2026-10-02T18:34:15+00:00
HI,https://hawaiipublicschools.org/wp-content/uploads/HCPSIII_Economics.pdf,https://hawaiipublicschools.org/wp-content/uploads/HCPSIII_Economics.pdf,data/raw/HI/HCPSIII_Economics_ede75f.pdf,pdf,174137,e83ab28877d4c783440ecbe3842ccb0a19472a702cc7ae409bd08f4888c0aebf,crawled:https://hawaiipublicschools.org/academics/subject-matter-standards/,2026-10-02T18:34:16+00:00
HI,https://hawaiipublicschools.org/wp-content/uploads/HCPSIII_EuropeanStudies.pdf,https://hawaiipublicschools.org/wp-content/uploads/HCPSIII_EuropeanStudies.pdf,data/raw/HI/HCPSIII_EuropeanStudies_88656b.pdf,pdf,183929,61ec0c3b37cd823ed06b549150d6c2fea074a17b23a6697a3ee98df0bef37fd3,crawled:https://hawaiipublicschools.org/academics/subject-matter-standards/,2026-10-02T18:34:17+00:00
HI,https://hawaiipublicschools.org/wp-content/uploads/FilipinoHistoryCultureCourseStandards.pdf,https://hawaiipublicschools.org/wp-content/uploads/FilipinoHistoryCultureCourseStandards.pdf,data/raw/HI/FilipinoHistoryCultureCourseStandards_96ad1e.pdf,pdf,105770,adfa0ded808e6105f4d67e5e71326b672c3f7bbdf830dccfe84a73b6165b9fe6,crawled:https://hawaiipublicschools.org/academics/subject-matter-standards/,2026-10-02T18:34:18+00:00
HI,https://hawaiipublicschools.org/wp-content/uploads/HCPSIII_Geography.pdf,https://hawaiipublicschools.org/wp-content/uploads/HCPSIII_Geography.pdf,data/raw/HI/HCPSIII_Geography_1b2aa3.pdf,pdf,162770,0609ea96ee9efada52014da2d358bfddd59cae4db8b800e4706c842e60c5845b,crawled:https://hawaiipublicschools.org/academics/subject-matter-standards/,2026-10-02T18:34:19+00:00
HI,https://hawaiipublicschools.org/wp-content/uploads/HCPSIII_GlobalStudies.pdf,https://hawaiipublicschools.org/wp-content/uploads/HCPSIII_GlobalStudies.pdf,data/raw/HI/HCPSIII_GlobalStudies_605e6f.pdf,pdf,171074,6b228c5e707ac37f346ecdcefb86323a16d3d5adc2c5b011ad503dbad4cff068,crawled:https://hawaiipublicschools.org/academics/subject-matter-standards/,2026-10-02T18:34:20+00:00
HI,https://hawaiipublicschools.org/wp-content/uploads/Financial-Literacy-Standards.pdf,https://hawaiipublicschools.org/wp-content/uploads/Financial-Literacy-Standards.pdf,data/raw/HI/Financial-Literacy-Standards_1b3278.pdf,pdf,669014,4081d1b7ef117378e10f7d75ccdbba3dd2bd9d4c5e7811e2d6215b2781b64811,crawled:https://hawaiipublicschools.org/academics/subject-matter-standards/,2026-10-02T18:34:21+00:00
ID,https://www.sde.idaho.gov/wp-content/uploads/2026/05/K-12-Social-Studies-Standards.pdf,https://www.sde.idaho.gov/wp-content/uploads/2026/05/K-12-Social-Studies-Standards.pdf,data/raw/ID/K-12-Social-Studies-Standards_4ca81c.pdf,pdf,1057574,c5249cb8d80a215096cd780d3921b3c1e4296a01c2cc8f5fe9fc7f6e6a3c67b9,direct,2026-10-02T18:34:23+00:00
IL,https://www.isbe.net/Documents/IL-Social-Science-Standards.pdf,https://www.isbe.net/Documents/IL-Social-Science-Standards.pdf,data/raw/IL/IL-Social-Science-Standards_4db7c3.pdf,pdf,3027415,da88c76b2f2cacf77e6a5e9bedb2af4299c9fb56b13e88e166135067bb3a7e71,direct,2026-10-02T18:34:25+00:00
IN,https://media.doe.in.gov/standards/indiana-academic-standards-kindergarten-social-studies.pdf,https://media.doe.in.gov/standards/indiana-academic-standards-kindergarten-social-studies.pdf,data/raw/IN/indiana-academic-standards-kindergarten-social-studies_dbb6af.pdf,pdf,378152,7a806736a9c4aa6147788cba7b6721c2c5641ff910c1b71d11af8e7e74f8b3d9,crawled:https://www.in.gov/doe/students/indiana-academic-standards/social-studies/,2026-10-02T18:34:28+00:00
IN,https://media.doe.in.gov/standards/indiana-academic-standards-grade-1-social-studies.pdf,https://media.doe.in.gov/standards/indiana-academic-standards-grade-1-social-studies.pdf,data/raw/IN/indiana-academic-standards-grade-1-social-studies_432eee.pdf,pdf,375457,6d73c4cd1c2d069dc08718d6b02d58226ed5384c5fd207e21b1caabfada925a3,crawled:https://www.in.gov/doe/students/indiana-academic-standards/social-studies/,2026-10-02T18:34:30+00:00
IN,https://www.in.gov/doe/files/Indiana-Academic-Standards-Grade-2-Social-Studies.pdf,https://www.in.gov/doe/files/Indiana-Academic-Standards-Grade-2-Social-Studies.pdf,data/raw/IN/Indiana-Academic-Standards-Grade-2-Social-Studies_b2b7c7.pdf,pdf,373528,db8d62ce35a4876c64500c4bf28991ea44d44b807fd3b50c4ccbce398addd429,crawled:https://www.in.gov/doe/students/indiana-academic-standards/social-studies/,2026-10-02T18:34:31+00:00
IN,https://www.in.gov/doe/files/2026-Indiana-Academic-Standards-Grade-3-Social-Studies.pdf,https://www.in.gov/doe/files/2026-Indiana-Academic-Standards-Grade-3-Social-Studies.pdf,data/raw/IN/2026-Indiana-Academic-Standards-Grade-3-Social-Studies_d0f3c3.pdf,pdf,2532063,b3fca8fd716c002feda960734b033ba5002fe2c593e38d4d520e20beaa644d82,crawled:https://www.in.gov/doe/students/indiana-academic-standards/social-studies/,2026-10-02T18:34:33+00:00
IN,https://www.in.gov/doe/files/Indiana-Academic-Standards-Grade-3-Social-Studies.pdf,https://www.in.gov/doe/files/Indiana-Academic-Standards-Grade-3-Social-Studies.pdf,data/raw/IN/Indiana-Academic-Standards-Grade-3-Social-Studies_186ed8.pdf,pdf,379700,65c66ae1fefcdcd90a19e89af86a0debcc3671da4f8cb158b1acb62b8d9e23b1,crawled:https://www.in.gov/doe/students/indiana-academic-standards/social-studies/,2026-10-02T18:34:34+00:00
IN,https://www.in.gov/doe/files/Indiana-Academic-Standards-Grade-4-Social-Studies.pdf,https://www.in.gov/doe/files/Indiana-Academic-Standards-Grade-4-Social-Studies.pdf,data/raw/IN/Indiana-Academic-Standards-Grade-4-Social-Studies_7dbc21.pdf,pdf,387848,2df71a74ac5978acbcc6e6cf6d252e09742d1031fe8fb443a8d0b4716c2c73c7,crawled:https://www.in.gov/doe/students/indiana-academic-standards/social-studies/,2026-10-02T18:34:35+00:00
IN,https://www.in.gov/doe/files/Indiana-Academic-Standards-Grade-5-Social-Studies.pdf,https://www.in.gov/doe/files/Indiana-Academic-Standards-Grade-5-Social-Studies.pdf,data/raw/IN/Indiana-Academic-Standards-Grade-5-Social-Studies_8ab064.pdf,pdf,391525,4e5b9a7063d8b3a8c7ace5a183784b6cb0abd4c878d06b66aed31ac15a0a8620,crawled:https://www.in.gov/doe/students/indiana-academic-standards/social-studies/,2026-10-02T18:34:36+00:00
IN,https://www.in.gov/doe/files/2026-Indiana-Academic-Standards-Grade-6-Social-Studies.pdf,https://www.in.gov/doe/files/2026-Indiana-Academic-Standards-Grade-6-Social-Studies.pdf,data/raw/IN/2026-Indiana-Academic-Standards-Grade-6-Social-Studies_94e5c1.pdf,pdf,3082400,e32d3dfaefeed2b484c4926d5fff4b8f65ffb4bd375d838f2f2edea948be0d35,crawled:https://www.in.gov/doe/students/indiana-academic-standards/social-studies/,2026-10-02T18:34:38+00:00
IN,https://www.in.gov/doe/files/Indiana-Academic-Standards-Grade-6-Social-Studies_.pdf,https://www.in.gov/doe/files/Indiana-Academic-Standards-Grade-6-Social-Studies_.pdf,data/raw/IN/Indiana-Academic-Standards-Grade-6-Social-Studies__5bc24d.pdf,pdf,385569,a8c6766270fe6b9364e35fe561f6f66aff36d7fbad234da1612c1c124f82abed,crawled:https://www.in.gov/doe/students/indiana-academic-standards/social-studies/,2026-10-02T18:34:39+00:00
IN,https://www.in.gov/doe/files/Indiana-Academic-Standards-Grade-6-Middle-School-Civics.pdf,https://www.in.gov/doe/files/Indiana-Academic-Standards-Grade-6-Middle-School-Civics.pdf,data/raw/IN/Indiana-Academic-Standards-Grade-6-Middle-School-Civics_d4140f.pdf,pdf,374029,b310cb063bfbe6ddd773df024c063b2348e9b8588fddbcaef0f93fc2eeed2718,crawled:https://www.in.gov/doe/students/indiana-academic-standards/social-studies/,2026-10-02T18:34:41+00:00
IN,https://www.in.gov/doe/files/2026-Indiana-Academic-Standards-Grade-7-Social-Studies-3.pdf,https://www.in.gov/doe/files/2026-Indiana-Academic-Standards-Grade-7-Social-Studies-3.pdf,data/raw/IN/2026-Indiana-Academic-Standards-Grade-7-Social-Studies-3_ecfa83.pdf,pdf,3103916,45c18b0a918fe5328d76662273fdf183eaffa58d22cc49cc7231e0178f0bf23c,crawled:https://www.in.gov/doe/students/indiana-academic-standards/social-studies/,2026-10-02T18:34:42+00:00
IN,https://media.doe.in.gov/standards/indiana-academic-standards-grade-7-social-studies.pdf,https://media.doe.in.gov/standards/indiana-academic-standards-grade-7-social-studies.pdf,data/raw/IN/indiana-academic-standards-grade-7-social-studies_2c15e4.pdf,pdf,385748,3d2007d537936e8153e3f6c12d03b05fef08129008a9e4bc1b3fbfac258a9e8f,crawled:https://www.in.gov/doe/students/indiana-academic-standards/social-studies/,2026-10-02T18:34:44+00:00
IN,https://www.in.gov/doe/files/2026-Indiana-Academic-Standards-Grade-8-Social-Studies_a.pdf,https://www.in.gov/doe/files/2026-Indiana-Academic-Standards-Grade-8-Social-Studies_a.pdf,data/raw/IN/2026-Indiana-Academic-Standards-Grade-8-Social-Studies_a_8da304.pdf,pdf,3122916,360954241c8a0642f67bfc90bca9d9876a229aeabfcb1fd7af97990c669d9704,crawled:https://www.in.gov/doe/students/indiana-academic-standards/social-studies/,2026-10-02T18:34:46+00:00
IN,https://media.doe.in.gov/standards/indiana-academic-standards-grade-8-social-studies.pdf,https://media.doe.in.gov/standards/indiana-academic-standards-grade-8-social-studies.pdf,data/raw/IN/indiana-academic-standards-grade-8-social-studies_e4c0a6.pdf,pdf,388651,70ee459d83d866204a1567380cd7414591d88e6ab74b5828d0b6a15667827e29,crawled:https://www.in.gov/doe/students/indiana-academic-standards/social-studies/,2026-10-02T18:34:47+00:00
IN,https://www.in.gov/doe/files/2026-Indiana-Academic-Standards-Economics.pdf,https://www.in.gov/doe/files/2026-Indiana-Academic-Standards-Economics.pdf,data/raw/IN/2026-Indiana-Academic-Standards-Economics_933337.pdf,pdf,3105531,7b85da39f9645521ab7bf74821227caf692bd4a289bff998c097ebc8d000ba50,crawled:https://www.in.gov/doe/students/indiana-academic-standards/social-studies/,2026-10-02T18:34:48+00:00
IN,https://media.doe.in.gov/standards/indiana-academic-standards-economics.pdf,https://media.doe.in.gov/standards/indiana-academic-standards-economics.pdf,data/raw/IN/indiana-academic-standards-economics_4d176f.pdf,pdf,384589,44df10e8234b02eed860f6cfc6381477b7b519f70da6e1d45c746a2536a9c995,crawled:https://www.in.gov/doe/students/indiana-academic-standards/social-studies/,2026-10-02T18:34:50+00:00
IN,https://media.doe.in.gov/standards/indiana-academic-standards-geography-and-history-of-the-world.pdf,https://media.doe.in.gov/standards/indiana-academic-standards-geography-and-history-of-the-world.pdf,data/raw/IN/indiana-academic-standards-geography-and-history-of-the-world_c024f5.pdf,pdf,423772,5c6edeb098e3730e534d6c2e2f68ad0443aeba0f7d6fca5b8237accfdc9d0e47,crawled:https://www.in.gov/doe/students/indiana-academic-standards/social-studies/,2026-10-02T18:34:51+00:00
IN,https://www.in.gov/doe/files/2026-Indiana-Academic-Standards-U.S.-Government.pdf,https://www.in.gov/doe/files/2026-Indiana-Academic-Standards-U.S.-Government.pdf,data/raw/IN/2026-Indiana-Academic-Standards-U.S.-Government_5c0f46.pdf,pdf,3106619,63df08a270ae76a0195632471b94568a07cdbfaea3d2c748cfe6b576004d6d5b,crawled:https://www.in.gov/doe/students/indiana-academic-standards/social-studies/,2026-10-02T18:34:53+00:00
IN,https://www.in.gov/doe/files/Indiana-Academic-Standards-U.S.-Government.pdf,https://www.in.gov/doe/files/Indiana-Academic-Standards-U.S.-Government.pdf,data/raw/IN/Indiana-Academic-Standards-U.S.-Government_4b18b4.pdf,pdf,384050,e975c914f3795fb5b18a02766f91388384a52d4f2953edb463da2441d44b0192,crawled:https://www.in.gov/doe/students/indiana-academic-standards/social-studies/,2026-10-02T18:34:54+00:00
IN,https://www.in.gov/doe/files/2026-Indiana-Academic-Standards-U.S.-History.pdf,https://www.in.gov/doe/files/2026-Indiana-Academic-Standards-U.S.-History.pdf,data/raw/IN/2026-Indiana-Academic-Standards-U.S.-History_fa7d1b.pdf,pdf,3109714,2a62174659447f69636cacdb5044408be4be81b3605c1d89f8bb16ac0879b2e7,crawled:https://www.in.gov/doe/students/indiana-academic-standards/social-studies/,2026-10-02T18:34:56+00:00
IN,https://www.in.gov/doe/files/Indiana-Academic-Standards-U.S.-History.pdf,https://www.in.gov/doe/files/Indiana-Academic-Standards-U.S.-History.pdf,data/raw/IN/Indiana-Academic-Standards-U.S.-History_1d38f5.pdf,pdf,387697,c079525614695238464d04d7c40794c4ce079d5064ac500425b05b031367aa7c,crawled:https://www.in.gov/doe/students/indiana-academic-standards/social-studies/,2026-10-02T18:34:57+00:00
IN,https://www.in.gov/doe/files/2026-Indiana-Academic-Standards-World-History-and-Civilization.pdf,https://www.in.gov/doe/files/2026-Indiana-Academic-Standards-World-History-and-Civilization.pdf,data/raw/IN/2026-Indiana-Academic-Standards-World-History-and-Civilization_ac0a88.pdf,pdf,3130770,5d715a91324b803e93e9ee8bea47494427d62742bc8eabcd3afb21f25d82c189,crawled:https://www.in.gov/doe/students/indiana-academic-standards/social-studies/,2026-10-02T18:34:59+00:00
IN,https://media.doe.in.gov/standards/indiana-academic-standards-world-history-and-civilization.pdf,https://media.doe.in.gov/standards/indiana-academic-standards-world-history-and-civilization.pdf,data/raw/IN/indiana-academic-standards-world-history-and-civilization_de6375.pdf,pdf,405796,4de3959f93f20261ff05cbf6f12d9d867951c79faad53547d2010e841646a118,crawled:https://www.in.gov/doe/students/indiana-academic-standards/social-studies/,2026-10-02T18:35:01+00:00
IN,https://www.in.gov/doe/files/2026-Indiana-Academic-Standards-Sociology.pdf,https://www.in.gov/doe/files/2026-Indiana-Academic-Standards-Sociology.pdf,data/raw/IN/2026-Indiana-Academic-Standards-Sociology_505c23.pdf,pdf,3147878,083da94d9f7734c31b1060778b733d519873468efcca51d996a9ac77204b2d2b,crawled:https://www.in.gov/doe/students/indiana-academic-standards/social-studies/,2026-10-02T18:35:02+00:00
IN,https://www.in.gov/doe/files/Grade-6-Civics-Course-FAQ-December-2023.pdf,https://www.in.gov/doe/files/Grade-6-Civics-Course-FAQ-December-2023.pdf,data/raw/IN/Grade-6-Civics-Course-FAQ-December-2023_536825.pdf,pdf,127252,b12e4bb45c0efa4925e6c51ff6d8221aa73deffa3ec7174536976433a1c4c8a2,crawled:https://www.in.gov/doe/students/indiana-academic-standards/social-studies/,2026-10-02T18:35:04+00:00
IA,https://educate.iowa.gov/media/5527/download?inline,https://educate.iowa.gov/media/5527/download?inline,data/raw/IA/download_e5f143.pdf,pdf,2050901,2b9d9790a801cc1767b5c8f1af768fe9c16c6a858bd7efc1275e321d39c07827,direct,2026-10-02T18:35:06+00:00
KY,https://www.education.ky.gov/curriculum/standards/kyacadstand/Documents/Kentucky_Academic_Standards_for_Social_Studies.pdf,https://www.education.ky.gov/curriculum/standards/kyacadstand/Documents/Kentucky_Academic_Standards_for_Social_Studies.pdf,data/raw/KY/Kentucky_Academic_Standards_for_Social_Studies_52f5c5.pdf,pdf,5131345,d717c2555324da5c62ea00cc55b179a0a5ba089b3b505246cdb3b3338d98c98d,direct,2026-10-02T18:35:11+00:00
LA,https://doe.louisiana.gov/docs/default-source/academic-curriculum/k-12-louisiana-student-standards-for-social-studies.pdf?sfvrsn=df396518_6,https://doe.louisiana.gov/docs/default-source/academic-curriculum/k-12-louisiana-student-standards-for-social-studies.pdf?sfvrsn=df396518_6,data/raw/LA/k-12-louisiana-student-standards-for-social-studies_b9db19.pdf,pdf,2542847,791c93d376a07d7f631ed6339f83204906475e0dd90647d11b41a693258f70b9,direct,2026-10-02T18:35:13+00:00
ME,https://www.maine.gov/doe/sites/maine.gov.doe/files/inline-files/MLR%20-%20Social%20Studies%202019%20revised%20standards%20-%2010.2025.docx,https://www.maine.gov/doe/sites/maine.gov.doe/files/inline-files/MLR%20-%20Social%20Studies%202019%20revised%20standards%20-%2010.2025.docx,data/raw/ME/MLR_-_Social_Studies_2019_revised_standards_-_10.2025_fcf62a.docx,docx,42754,233dc110ee945e23c2f1e816db3d21f7fa21ca38c3769bd929859d978c0885ed,crawled:https://www11.maine.gov/doe/index.php/learning/standards/socialstudies,2026-10-02T18:35:16+00:00
ME,https://www.maine.gov/doe/sites/maine.gov.doe/files/inline-files/Social%20Studies%20-%20MLR%20Social%20Studies%20%28Geography%29%202019%20-%2010.9.2025.pdf,https://www.maine.gov/doe/sites/maine.gov.doe/files/inline-files/Social%20Studies%20-%20MLR%20Social%20Studies%20%28Geography%29%202019%20-%2010.9.2025.pdf,data/raw/ME/Social_Studies_-_MLR_Social_Studies_Geography_2019_-_10.9.2025_83d3f3.pdf,pdf,163942,95daef87b48a9ad2abcb67c07b171ee0ccc2135c2da958a24531ef5e0c2740d0,crawled:https://www11.maine.gov/doe/index.php/learning/standards/socialstudies,2026-10-02T18:35:17+00:00
ME,https://www.maine.gov/doe/sites/maine.gov.doe/files/inline-files/Social%20Studies%20-%20MLR%20Social%20Studies%20%28History%29%202019%20-%2010.9.2025.pdf,https://www.maine.gov/doe/sites/maine.gov.doe/files/inline-files/Social%20Studies%20-%20MLR%20Social%20Studies%20%28History%29%202019%20-%2010.9.2025.pdf,data/raw/ME/Social_Studies_-_MLR_Social_Studies_History_2019_-_10.9.2025_7f7403.pdf,pdf,171697,cefc2fba54c444e86231fec2d6476c17a98bcad8bb735abdff2e29fe110f51de,crawled:https://www11.maine.gov/doe/index.php/learning/standards/socialstudies,2026-10-02T18:35:18+00:00
ME,https://www.maine.gov/doe/sites/maine.gov.doe/files/inline-files/Maine%20Learning%20Results%20for%20Social%20Studies%20-%202007%20Version_0.pdf,https://www.maine.gov/doe/sites/maine.gov.doe/files/inline-files/Maine%20Learning%20Results%20for%20Social%20Studies%20-%202007%20Version_0.pdf,data/raw/ME/Maine_Learning_Results_for_Social_Studies_-_2007_Version_0_0d4c29.pdf,pdf,100757,8fba1dc8e2a927279386b2650fd515f8662e0b37f6d71467c87651e347b0d90a,crawled:https://www11.maine.gov/doe/index.php/learning/standards/socialstudies,2026-10-02T18:35:19+00:00
MA,https://www.doe.mass.edu/frameworks/hss/2018-12.pdf,https://www.doe.mass.edu/frameworks/hss/2018-12.pdf,data/raw/MA/2018-12_3e7081.pdf,pdf,3472589,7c3d8383e8593a98f3898c33f8a602c887b5dd8874ed8a5a0b92f74ce270a8fb,direct,2026-10-02T18:35:54+00:00
MI,https://www.michigan.gov/documents/mde/Final_Social_Studies_Standards_Document_655968_7.pdf,https://www.michigan.gov/-/media/Project/Websites/mde/Academic-Standards/Social_Studies_Standards.pdf?rev=7ec086ebb7814277baf6702705fb8007,data/raw/MI/Final_Social_Studies_Standards_Document_655968_7_1bc63b.pdf,pdf,1527644,bba06f46bb241ae3cdd698caaeb41baa3c976d96176fef0a9d594a7e98e70b96,direct,2026-10-02T18:35:56+00:00
MT,https://opifiles.mt.gov/portals/182/Page Files/K-12 Content Standards & Revision/Social Studies/SIPL_CSI_Standards Revision_Social Studies_Montana K-12 Content Standards for Social Studies_2021.04.05.pdf,https://opifiles.mt.gov/portals/182/Page%20Files/K-12%20Content%20Standards%20&%20Revision/Social%20Studies/SIPL_CSI_Standards%20Revision_Social%20Studies_Montana%20K-12%20Content%20Standards%20for%20Social%20Studies_2021.04.05.pdf,data/raw/MT/SIPL_CSI_Standards_Revision_Social_Studies_Montana_K-12_Content_Standards_for_Social_Studies_2021.04.05_86672e.pdf,pdf,237460,9121f3924e410dde19137befcae99752760b80ea152a56552272d8b9509bf5c3,crawled:https://opi.mt.gov/Educators/Teaching-Learning/K-12-Content-Standards/Social-Studies-Standards#accordion0-tab2,2026-10-02T18:36:07+00:00
MT,https://opifiles.mt.gov/Portals/182/Page%20Files/K-12%20Content%20Standards%20%26%20Revision/Social%20Studies/2021%20SS%20for%20Web.xlsx,https://opifiles.mt.gov/Portals/182/Page%20Files/K-12%20Content%20Standards%20%26%20Revision/Social%20Studies/2021%20SS%20for%20Web.xlsx,data/raw/MT/2021_SS_for_Web_4e6bb2.xlsx,xlsx,42919,6d1baa5ab4ea0474e7501a7983e5b6bd512c440cbffcfa0347b2d6f649f147b4,crawled:https://opi.mt.gov/Educators/Teaching-Learning/K-12-Content-Standards/Social-Studies-Standards#accordion0-tab2,2026-10-02T18:36:08+00:00
MT,https://opifiles.mt.gov/Portals/182/Page%20Files/Indian%20Education/Social%20Studies/K-12%20Resources/IEFA_Connections_Social_Studies_Standards.pdf?ver=2021-03-24-095446-930,https://opifiles.mt.gov/Portals/182/Page%20Files/Indian%20Education/Social%20Studies/K-12%20Resources/IEFA_Connections_Social_Studies_Standards.pdf?ver=2021-03-24-095446-930,data/raw/MT/IEFA_Connections_Social_Studies_Standards_6a3222.pdf,pdf,576397,01af32399b80d1b825510ac4559af0556574f3a2089a11c36171700977336486,crawled:https://opi.mt.gov/Educators/Teaching-Learning/K-12-Content-Standards/Social-Studies-Standards#accordion0-tab2,2026-10-02T18:36:10+00:00
NE,https://www.education.ne.gov/wp-content/uploads/2019/11/Nebraska-Social-Studies-Standards-Final-11-2019.pdf,https://www.education.ne.gov/wp-content/uploads/2019/11/Nebraska-Social-Studies-Standards-Final-11-2019.pdf,data/raw/NE/Nebraska-Social-Studies-Standards-Final-11-2019_bc9931.pdf,pdf,438762,188e2edd355ed260c02e925babe742cc9d30af2210c84431b6b23a10742edb4b,crawled:https://www.education.ne.gov/socialstudies/standards/,2026-10-02T18:36:13+00:00
NE,https://www.education.ne.gov/wp-content/uploads/2019/12/Nebraska-Social-Studies-Standards_Final-Draft-Horizontal.xlsx,https://www.education.ne.gov/wp-content/uploads/2019/12/Nebraska-Social-Studies-Standards_Final-Draft-Horizontal.xlsx,data/raw/NE/Nebraska-Social-Studies-Standards_Final-Draft-Horizontal_2d3126.xlsx,xlsx,71954,d223602cd87b3e15230f63ab6c26171cc2263b39d9fcf90c85066426b7cbdf50,crawled:https://www.education.ne.gov/socialstudies/standards/,2026-10-02T18:36:14+00:00
NE,https://www.education.ne.gov/wp-content/uploads/2019/12/NE-Social-Studies-Standards_Final-Draft-Excel-Version.xlsx,https://www.education.ne.gov/wp-content/uploads/2019/12/NE-Social-Studies-Standards_Final-Draft-Excel-Version.xlsx,data/raw/NE/NE-Social-Studies-Standards_Final-Draft-Excel-Version_9c0a1d.xlsx,xlsx,75540,07d1772051f0f72ac0b0f2831104f43b6c966873c651255e071559d016f6637f,crawled:https://www.education.ne.gov/socialstudies/standards/,2026-10-02T18:36:15+00:00
NV,https://webapp-strapi-paas-prod-nde-001.azurewebsites.net/uploads/NVAC_Sfor_Social_Studies_ea0a1df6ac.pdf,https://webapp-strapi-paas-prod-nde-001.azurewebsites.net/uploads/NVAC_Sfor_Social_Studies_ea0a1df6ac.pdf,data/raw/NV/NVAC_Sfor_Social_Studies_ea0a1df6ac_f3c271.pdf,pdf,848318,118c46c0bebb547c5ce3d361b76c2117e279cd2d403f1c124fddf25cf093a474,landing,2026-10-02T18:36:17+00:00
NH,https://moose.nhhistory.org/getContentAsset/9741f81a-f4b5-403e-9ac1-058f7aaa3092/73aabf56-e6e5-4330-95a3-5f2a270a1d2b/frameworks.pdf?language=en,https://moose.nhhistory.org/getContentAsset/9741f81a-f4b5-403e-9ac1-058f7aaa3092/73aabf56-e6e5-4330-95a3-5f2a270a1d2b/frameworks.pdf?language=en,data/raw/NH/frameworks_4820bf.pdf,pdf,547512,9ec4653cffc0e28abbc8299f6b26586d9c569c1e5cc481a5cff72377c88d7172,landing,2026-10-02T18:36:20+00:00
NJ,https://www.nj.gov/education/standards/socst/docs/DiversityInclusionLaw.PDF,https://www.nj.gov/education/standards/socst/docs/DiversityInclusionLaw.PDF,data/raw/NJ/DiversityInclusionLaw_3d8620.pdf,pdf,112736,778aab9fac1c33c932de528fc5f0969decd037e1f6f78d13048350a2195951c0,crawled:https://www.nj.gov/education/standards/socst/,2026-10-02T18:36:24+00:00
NJ,https://www.nj.gov/education/standards/socst/docs/2020NJSLS-SS_by_Standard.pdf,https://www.nj.gov/education/standards/socst/docs/2020NJSLS-SS_by_Standard.pdf,data/raw/NJ/2020NJSLS-SS_by_Standard_f9e7b8.pdf,pdf,982309,239775853c7188bb2fda8e47d93a7c2b6c08a4caee83e6e56e37bedb786a44ef,crawled:https://www.nj.gov/education/standards/socst/,2026-10-02T18:36:26+00:00
NJ,https://www.nj.gov/education/standards/socst/docs/2020NJSLS-SS_by_GradeBand.pdf,https://www.nj.gov/education/standards/socst/docs/2020NJSLS-SS_by_GradeBand.pdf,data/raw/NJ/2020NJSLS-SS_by_GradeBand_f31ad8.pdf,pdf,1014414,a68519b94bd6aa8eea5ba11088e114bf43a24e134f5f51e2c223c74e853ec606,crawled:https://www.nj.gov/education/standards/socst/,2026-10-02T18:36:28+00:00
NJ,https://www.nj.gov/education/standards/socst/docs/2020NJSLS-SS_GradesK-2.pdf,https://www.nj.gov/education/standards/socst/docs/2020NJSLS-SS_GradesK-2.pdf,data/raw/NJ/2020NJSLS-SS_GradesK-2_5fcaec.pdf,pdf,468419,aa9008d1884ae47dd66c6af74205a159db451016f09249ed30533a74df67115b,crawled:https://www.nj.gov/education/standards/socst/,2026-10-02T18:36:29+00:00
NJ,https://www.nj.gov/education/standards/socst/docs/2020NJSLS-SS_Grades3-5.pdf,https://www.nj.gov/education/standards/socst/docs/2020NJSLS-SS_Grades3-5.pdf,data/raw/NJ/2020NJSLS-SS_Grades3-5_561b5a.pdf,pdf,514986,08f4dfbef9f402d12efa11403d043f09d1d84fce0f8059aa0d1650694a486c54,crawled:https://www.nj.gov/education/standards/socst/,2026-10-02T18:36:30+00:00
NJ,https://www.nj.gov/education/standards/socst/docs/2020NJSLS-SS_Grades6-8.pdf,https://www.nj.gov/education/standards/socst/docs/2020NJSLS-SS_Grades6-8.pdf,data/raw/NJ/2020NJSLS-SS_Grades6-8_74ea7e.pdf,pdf,514733,9828223b89bc487887e5eefc1fd9dfd439ea55ff5cc58ac522b75f05c0eb38f6,crawled:https://www.nj.gov/education/standards/socst/,2026-10-02T18:36:32+00:00
NJ,https://www.nj.gov/education/standards/socst/docs/2020NJSLS-SS_Grades9-12.pdf,https://www.nj.gov/education/standards/socst/docs/2020NJSLS-SS_Grades9-12.pdf,data/raw/NJ/2020NJSLS-SS_Grades9-12_baf253.pdf,pdf,673176,1fde019da2f99d6cc0b473edc9f212cf1f1ce181b6d1bf38c93ad7ec5dcc1418,crawled:https://www.nj.gov/education/standards/socst/,2026-10-02T18:36:33+00:00
NJ,https://wida.wisc.edu/sites/default/files/resource/WIDA-ELD-Standards-Framework-2020-Edition-Kindergarten.pdf#page=37,https://wida.wisc.edu/sites/default/files/resource/WIDA-ELD-Standards-Framework-2020-Edition-Kindergarten.pdf#page=37,data/raw/NJ/WIDA-ELD-Standards-Framework-2020-Edition-Kindergarten_e523c5.pdf,pdf,2162822,d965d60872b4a474e65722d92c207bf91d56aaa356e4e5472ec92a965d3fe921,crawled:https://www.nj.gov/education/standards/socst/,2026-10-02T18:36:35+00:00
NJ,https://wida.wisc.edu/sites/default/files/resource/WIDA-ELD-Standards-Framework-2020-Edition-Grade-1.pdf#page=37,https://wida.wisc.edu/sites/default/files/resource/WIDA-ELD-Standards-Framework-2020-Edition-Grade-1.pdf#page=37,data/raw/NJ/WIDA-ELD-Standards-Framework-2020-Edition-Grade-1_fdde08.pdf,pdf,1697877,c46611e253abdba685a448dbc4ef2fd1c042b3f3301bf918bfa57781f3398e14,crawled:https://www.nj.gov/education/standards/socst/,2026-10-02T18:36:36+00:00
NJ,https://wida.wisc.edu/sites/default/files/resource/WIDA-ELD-Standards-Framework-2020-Edition-Grades-2-3.pdf#page=38,https://wida.wisc.edu/sites/default/files/resource/WIDA-ELD-Standards-Framework-2020-Edition-Grades-2-3.pdf#page=38,data/raw/NJ/WIDA-ELD-Standards-Framework-2020-Edition-Grades-2-3_bb77e4.pdf,pdf,1760932,40a6271f0d9fe890861512d5c5c042397b03f0a2573fe2a831021d614ead595e,crawled:https://www.nj.gov/education/standards/socst/,2026-10-02T18:36:37+00:00
NJ,https://wida.wisc.edu/sites/default/files/resource/WIDA-ELD-Standards-Framework-2020-Edition-Grades-4-5.pdf#page=46,https://wida.wisc.edu/sites/default/files/resource/WIDA-ELD-Standards-Framework-2020-Edition-Grades-4-5.pdf#page=46,data/raw/NJ/WIDA-ELD-Standards-Framework-2020-Edition-Grades-4-5_a604de.pdf,pdf,2386567,0826caafdd6315e0f2bac2cecb828bc5edc4c0fc610f6bae9e57357c4913ef61,crawled:https://www.nj.gov/education/standards/socst/,2026-10-02T18:36:38+00:00
NJ,https://wida.wisc.edu/sites/default/files/resource/WIDA-ELD-Standards-Framework-2020-Edition-Grades-6-8.pdf#page=46,https://wida.wisc.edu/sites/default/files/resource/WIDA-ELD-Standards-Framework-2020-Edition-Grades-6-8.pdf#page=46,data/raw/NJ/WIDA-ELD-Standards-Framework-2020-Edition-Grades-6-8_68b9b7.pdf,pdf,2342093,da0076b4ec34c7f3d67f0b4953fc2dd994d0100c44a66b8d8872506c364e8bdc,crawled:https://www.nj.gov/education/standards/socst/,2026-10-02T18:36:39+00:00
NJ,https://wida.wisc.edu/sites/default/files/resource/WIDA-ELD-Standards-Framework-2020-Edition-Grades-9-12.pdf#page=46,https://wida.wisc.edu/sites/default/files/resource/WIDA-ELD-Standards-Framework-2020-Edition-Grades-9-12.pdf#page=46,data/raw/NJ/WIDA-ELD-Standards-Framework-2020-Edition-Grades-9-12_8685d8.pdf,pdf,2435360,80cac8cd3be3f73b06af2c4fc229a6a48cbba110ae7f05a8f1639dd7d81721ad,crawled:https://www.nj.gov/education/standards/socst/,2026-10-02T18:36:41+00:00
ND,https://www.nd.gov/dpi/sites/www/files/documents/Academic%20Support/Rev7_2023.11.30_Social_Studies_Content%20Standards.pdf,https://www.nd.gov/dpi/sites/www/files/documents/Academic%20Support/Rev7_2023.11.30_Social_Studies_Content%20Standards.pdf,data/raw/ND/Rev7_2023.11.30_Social_Studies_Content_Standards_2e5e84.pdf,pdf,870577,14db21408330f9e3b702ebce9cd1d87c7d71c6e9973115c9ed3dc51a65841a34,direct,2026-10-02T18:37:04+00:00
OK,https://oklahoma.gov/content/dam/ok/en/osde/documents/services/standards-learning/social-studies/Final%202025%20SS%20OAS.pdf,https://oklahoma.gov/content/dam/ok/en/osde/documents/services/standards-learning/social-studies/Final%202025%20SS%20OAS.pdf,data/raw/OK/Final_2025_SS_OAS_fc721b.pdf,pdf,1949133,f1fc4a7f6ba35edbda429f1ef073a38ba02c40564a7037692285e39018d34a3b,landing,2026-10-02T18:37:08+00:00
OR,https://www.oregon.gov/ode/educator-resources/standards/socialsciences/Documents/Final2024SocialScienceStandardsACCESSIBLE.pdf,https://www.oregon.gov/ode/educator-resources/standards/socialsciences/Documents/Final2024SocialScienceStandardsACCESSIBLE.pdf,data/raw/OR/Final2024SocialScienceStandardsACCESSIBLE_3b6075.pdf,pdf,1018919,bae979ccd44eb40dacc540e34b15566c33b572e7eb30d0be48c43d8246a4478f,landing,2026-10-02T18:37:10+00:00
PA,https://www.pa.gov/content/dam/copapwp-pagov/en/stateboard/documents/regulations-and-statements/state-academic-standards/arts.pdf,https://www.pa.gov/content/dam/copapwp-pagov/en/stateboard/documents/regulations-and-statements/state-academic-standards/arts.pdf,data/raw/PA/arts_456012.pdf,pdf,205219,4a7f27bd6c920a22d9a52a83a4a83d8a840de6462f19bdae2c1e804d8285e0a6,crawled:https://www.pa.gov/agencies/stateboard/resources/regulations--policy/state-academic-standards,2026-10-02T18:37:14+00:00
PA,https://www.pa.gov/content/dam/copapwp-pagov/en/stateboard/documents/regulations-and-statements/state-academic-standards/career%20education%20and%20work%20standards%20(appendix%20e-1).pdf,https://www.pa.gov/content/dam/copapwp-pagov/en/stateboard/documents/regulations-and-statements/state-academic-standards/career%20education%20and%20work%20standards%20(appendix%20e-1).pdf,data/raw/PA/career_education_and_work_standards_appendix_e-1__a86a77.pdf,pdf,235136,e99a98e963f84193f54f40064240444876bf4d378e2d81fb5fca34b4077569c8,crawled:https://www.pa.gov/agencies/stateboard/resources/regulations--policy/state-academic-standards,2026-10-02T18:37:16+00:00
PA,https://www.pa.gov/content/dam/copapwp-pagov/en/stateboard/documents/regulations-and-statements/state-academic-standards/civicsandgovernment.pdf,https://www.pa.gov/content/dam/copapwp-pagov/en/stateboard/documents/regulations-and-statements/state-academic-standards/civicsandgovernment.pdf,data/raw/PA/civicsandgovernment_125f29.pdf,pdf,233310,0a1d33c6970e5ec3ff89b58576fb8bc5c7fdfc7037743d04bb431e359851f5e6,crawled:https://www.pa.gov/agencies/stateboard/resources/regulations--policy/state-academic-standards,2026-10-02T18:37:17+00:00
PA,https://www.pa.gov/content/dam/copapwp-pagov/en/stateboard/documents/regulations-and-statements/state-academic-standards/economics%20standards%20(appendix%20c-1).pdf,https://www.pa.gov/content/dam/copapwp-pagov/en/stateboard/documents/regulations-and-statements/state-academic-standards/economics%20standards%20(appendix%20c-1).pdf,data/raw/PA/economics_standards_appendix_c-1__99ce1c.pdf,pdf,248312,a421e969cf6ce1c009aeaebfdcd3445f27c9b96262168379ebb669dcc3fe15f8,crawled:https://www.pa.gov/agencies/stateboard/resources/regulations--policy/state-academic-standards,2026-10-02T18:37:18+00:00
PA,https://www.pa.gov/content/dam/copapwp-pagov/en/stateboard/documents/regulations-and-statements/state-academic-standards/geography.pdf,https://www.pa.gov/content/dam/copapwp-pagov/en/stateboard/documents/regulations-and-statements/state-academic-standards/geography.pdf,data/raw/PA/geography_cd6697.pdf,pdf,229267,0a32d98e612813bd64e75ecd59c9b19ac392bb3aaf91dffad8d74308a214f50d,crawled:https://www.pa.gov/agencies/stateboard/resources/regulations--policy/state-academic-standards,2026-10-02T18:37:19+00:00
PA,https://www.pa.gov/content/dam/copapwp-pagov/en/stateboard/documents/regulations-and-statements/state-academic-standards/e%20history%20web03.pdf,https://www.pa.gov/content/dam/copapwp-pagov/en/stateboard/documents/regulations-and-statements/state-academic-standards/e%20history%20web03.pdf,data/raw/PA/e_history_web03_3aa68b.pdf,pdf,246650,0148f21ddf77c473e7e8c6c4e02dacee8e97da5657d44388a7b6cb0a397da9ff,crawled:https://www.pa.gov/agencies/stateboard/resources/regulations--policy/state-academic-standards,2026-10-02T18:37:20+00:00
PA,https://www.pa.gov/content/dam/copapwp-pagov/en/stateboard/documents/regulations-and-statements/state-academic-standards/personal%20finance%20standards.pdf,https://www.pa.gov/content/dam/copapwp-pagov/en/stateboard/documents/regulations-and-statements/state-academic-standards/personal%20finance%20standards.pdf,data/raw/PA/personal_finance_standards_d1e49c.pdf,pdf,279910,319e0ccf69f03bf36b4289483b2b338e735c3878e3c230e16c97a90723b6d202,crawled:https://www.pa.gov/agencies/stateboard/resources/regulations--policy/state-academic-standards,2026-10-02T18:37:22+00:00
PA,https://www.pa.gov/content/dam/copapwp-pagov/en/stateboard/documents/regulations-and-statements/state-academic-standards/pa%20common%20core%20-%20appendix%20c.pdf,https://www.pa.gov/content/dam/copapwp-pagov/en/stateboard/documents/regulations-and-statements/state-academic-standards/pa%20common%20core%20-%20appendix%20c.pdf,data/raw/PA/pa_common_core_-_appendix_c_41d4b5.pdf,pdf,393158,f6f825df18df13914eb54185f604431dd9e2e918b32b8d175f47c35a60e57b37,crawled:https://www.pa.gov/agencies/stateboard/resources/regulations--policy/state-academic-standards,2026-10-02T18:37:23+00:00
PA,https://www.pa.gov/content/dam/copapwp-pagov/en/stateboard/documents/regulations-and-statements/state-academic-standards/pennsylvania%20technology%20and%20engineering%20standards%20-%20grades%206-12.pdf,https://www.pa.gov/content/dam/copapwp-pagov/en/stateboard/documents/regulations-and-statements/state-academic-standards/pennsylvania%20technology%20and%20engineering%20standards%20-%20grades%206-12.pdf,data/raw/PA/pennsylvania_technology_and_engineering_standards_-_grades_6-12_a7e0c9.pdf,pdf,238271,f0c57e4d3bf3527376ce369505cdb7ff463b096c18b9370051b08c01d1df05ee,crawled:https://www.pa.gov/agencies/stateboard/resources/regulations--policy/state-academic-standards,2026-10-02T18:37:24+00:00
RI,https://ride.ri.gov/sites/g/files/xkgbur806/files/2023-03/RhodeIsland_SocialStudiesStandards_FULL.pdf,https://ride.ri.gov/sites/g/files/xkgbur806/files/2023-03/RhodeIsland_SocialStudiesStandards_FULL.pdf,data/raw/RI/RhodeIsland_SocialStudiesStandards_FULL_4c95f6.pdf,pdf,4058868,2a16eaf707130efd4190931e2b23582560e843471e8b9950fc2e3b72550c6d50,direct,2026-10-02T18:37:26+00:00
SD,https://doe.sd.gov/ContentStandards/documents/SS-Standards-2023.pdf,https://doe.sd.gov/ContentStandards/documents/SS-Standards-2023.pdf,data/raw/SD/SS-Standards-2023_4fe370.pdf,pdf,1226573,852270b9cf869772d9dc9bb2a0213dad7501dbd1c03e5d08ff3612b15622bbcd,crawled:https://doe.sd.gov/ContentStandards/socialstudies.aspx,2026-10-02T18:37:39+00:00
SD,https://doe.sd.gov/ContentStandards/documents/SS-Standards-2015.pdf,https://doe.sd.gov/ContentStandards/documents/SS-Standards-2015.pdf,data/raw/SD/SS-Standards-2015_dd8f10.pdf,pdf,1004661,a47f4002676a9cb76a4237e82e4d6aeaba09f7517577aa34c4849efac826bdbb,crawled:https://doe.sd.gov/ContentStandards/socialstudies.aspx,2026-10-02T18:37:41+00:00
TN,https://www.tn.gov/content/dam/tn/stateboardofeducation/documents/standards/social-studies-2022-2023/TN%20Academic%20Social%20Studies%20Standards_25.pdf,https://www.tn.gov/content/dam/tn/stateboardofeducation/documents/standards/social-studies-2022-2023/TN%20Academic%20Social%20Studies%20Standards_25.pdf,data/raw/TN/TN_Academic_Social_Studies_Standards_25_0162ee.pdf,pdf,1888686,f62fd21f6a1854e48d9dc3b07c90b4607a95a23efeaa7edfb53595c19e297100,landing,2026-10-02T18:37:43+00:00
TX,https://tea.texas.gov/laws-and-rules/sboe-rules-tac/sboe-tac-currently-effect/ch113d.pdf,https://tea.texas.gov/laws-and-rules/sboe-rules-tac/sboe-tac-currently-effect/ch113d.pdf,data/raw/TX/ch113d_ba9f10.pdf,pdf,170226,c818c85ea99a57901147f3ae9dca8180e4bd86d19a515a3cece48a8745f96ac0,crawled:https://tea.texas.gov/laws-and-rules/texas-administrative-code/19-tac-chapter-113,2026-10-02T18:37:47+00:00
UT,https://www.uen.org/core/socialstudies/downloads/UtahSocialStudiesK-6StandardsImplementationTimeline_2023 - 2025_ADA_Compliant.pdf,https://www.uen.org/core/socialstudies/downloads/UtahSocialStudiesK-6StandardsImplementationTimeline_2023%20-%202025_ADA_Compliant.pdf,data/raw/UT/UtahSocialStudiesK-6StandardsImplementationTimeline_2023_-_2025_ADA_Compliant_895be2.pdf,pdf,142490,2d7c430b198058b36f5f787b33dee9f5ce6f25c7df89298d40ce78a26bcc93ef,crawled:https://www.uen.org/core/socialstudies/,2026-10-02T18:37:50+00:00
VT,https://www.socialstudies.org/sites/default/files/c3/c3-framework-for-social-studies-rev0617.pdf,https://www.socialstudies.org/sites/default/files/c3/c3-framework-for-social-studies-rev0617.pdf,data/raw/VT/c3-framework-for-social-studies-rev0617_3db023.pdf,pdf,2374022,8239d89be5326998f3ad2a8592a76ce9fc3ee6a37654c7fa09a4da341c712c38,crawled:https://education.vermont.gov/student-learning/content-areas/global-citizenship/social-studies,2026-10-02T18:37:55+00:00
VT,https://www.socialstudies.org/system/files/2022/c3-framework-for-social-studies-rev0617.2.pdf,https://www.socialstudies.org/system/files/2022/c3-framework-for-social-studies-rev0617.2.pdf,data/raw/VT/c3-framework-for-social-studies-rev0617.2_c633fc.pdf,pdf,2418824,0a402ba43e6802021fbe872d996c078da2b81ed613e38f0867b596cbb5c0c78e,crawled:https://education.vermont.gov/student-learning/content-areas/global-citizenship/social-studies,2026-10-02T18:37:56+00:00
WA,https://ospi.k12.wa.us/sites/default/files/2023-08/ospi_socstudies_standards_2019.pdf,https://ospi.k12.wa.us/sites/default/files/2023-08/ospi_socstudies_standards_2019.pdf,data/raw/WA/ospi_socstudies_standards_2019_7b61b4.pdf,pdf,1883424,79453b137334441ba39f65fc3feeaa6e8b09d8cee9f0d1ea0e734f5a2c8d187b,crawled:https://ospi.k12.wa.us/student-success/resources-subject-area/social-studies/social-studies-learning-standards,2026-10-02T18:38:06+00:00
WA,https://ospi.k12.wa.us/sites/default/files/2022-12/OSPI_SocStudies_Standards_MASTER_09-16-2019_DigitalVersion.docx,https://ospi.k12.wa.us/sites/default/files/2022-12/OSPI_SocStudies_Standards_MASTER_09-16-2019_DigitalVersion.docx,data/raw/WA/OSPI_SocStudies_Standards_MASTER_09-16-2019_DigitalVersion_6fc627.docx,docx,1263981,465809ddfd45389b1151b552b19f8e279470474bc95ab542636d370c2006e3ce,crawled:https://ospi.k12.wa.us/student-success/resources-subject-area/social-studies/social-studies-learning-standards,2026-10-02T18:38:07+00:00
WA,https://ospi.k12.wa.us/sites/default/files/2023-02/ss-standards-2019_grades-k-5_ss-skills.pdf,https://ospi.k12.wa.us/sites/default/files/2023-02/ss-standards-2019_grades-k-5_ss-skills.pdf,data/raw/WA/ss-standards-2019_grades-k-5_ss-skills_05c669.pdf,pdf,404850,c7c306df092a23d20c74d1fc6269bf793b87a84e37b4d13e49d69b56985300a1,crawled:https://ospi.k12.wa.us/student-success/resources-subject-area/social-studies/social-studies-learning-standards,2026-10-02T18:38:08+00:00
WA,https://ospi.k12.wa.us/sites/default/files/2023-02/ss-standards-2019_grades-k-5_civics.pdf,https://ospi.k12.wa.us/sites/default/files/2023-02/ss-standards-2019_grades-k-5_civics.pdf,data/raw/WA/ss-standards-2019_grades-k-5_civics_fadaa9.pdf,pdf,411059,717c27100273285bd9ca8d5b13471cd9f172623d639410afdb5988702b745a85,crawled:https://ospi.k12.wa.us/student-success/resources-subject-area/social-studies/social-studies-learning-standards,2026-10-02T18:38:10+00:00
WA,https://ospi.k12.wa.us/sites/default/files/2023-02/ss-standards-2019_grades-k-5_economics.pdf,https://ospi.k12.wa.us/sites/default/files/2023-02/ss-standards-2019_grades-k-5_economics.pdf,data/raw/WA/ss-standards-2019_grades-k-5_economics_190cbd.pdf,pdf,400804,0575854c21aa0162f3af24355b8b2e3ecd07645e331734f34d524d47009eb354,crawled:https://ospi.k12.wa.us/student-success/resources-subject-area/social-studies/social-studies-learning-standards,2026-10-02T18:38:11+00:00
WA,https://ospi.k12.wa.us/sites/default/files/2023-02/ss-standards-2019_grades-k-5_geography.pdf,https://ospi.k12.wa.us/sites/default/files/2023-02/ss-standards-2019_grades-k-5_geography.pdf,data/raw/WA/ss-standards-2019_grades-k-5_geography_36710b.pdf,pdf,478604,fd203d222c09d8c4ccf7ed761ac4475f2f84db2cb466eb074335158148935ed5,crawled:https://ospi.k12.wa.us/student-success/resources-subject-area/social-studies/social-studies-learning-standards,2026-10-02T18:38:12+00:00
WA,https://ospi.k12.wa.us/sites/default/files/2023-02/ss-standards-2019_grades-k-5_history.pdf,https://ospi.k12.wa.us/sites/default/files/2023-02/ss-standards-2019_grades-k-5_history.pdf,data/raw/WA/ss-standards-2019_grades-k-5_history_01902e.pdf,pdf,405276,6cb873900920c54d00dc66757e5367a2422a1586ab5a9d3871544b9f34367b91,crawled:https://ospi.k12.wa.us/student-success/resources-subject-area/social-studies/social-studies-learning-standards,2026-10-02T18:38:13+00:00
WA,https://ospi.k12.wa.us/sites/default/files/2023-02/ss-standards-2019_grades-6-8_ss-skills.pdf,https://ospi.k12.wa.us/sites/default/files/2023-02/ss-standards-2019_grades-6-8_ss-skills.pdf,data/raw/WA/ss-standards-2019_grades-6-8_ss-skills_28854b.pdf,pdf,571762,21929a3df9fa126eeb2bf05b6364fb31659a60ffee6a6a7e27b7c7b2695685ea,crawled:https://ospi.k12.wa.us/student-success/resources-subject-area/social-studies/social-studies-learning-standards,2026-10-02T18:38:15+00:00
WA,https://ospi.k12.wa.us/sites/default/files/2023-02/ss-standards-2019_grades-6-8_civics.pdf,https://ospi.k12.wa.us/sites/default/files/2023-02/ss-standards-2019_grades-6-8_civics.pdf,data/raw/WA/ss-standards-2019_grades-6-8_civics_de7415.pdf,pdf,381093,30d5cd654ffc11b86796c2238636437353571c342192c8371c983684f5a61aa1,crawled:https://ospi.k12.wa.us/student-success/resources-subject-area/social-studies/social-studies-learning-standards,2026-10-02T18:38:16+00:00
WA,https://ospi.k12.wa.us/sites/default/files/2023-02/ss-standards-2019_grades-6-8_economics.pdf,https://ospi.k12.wa.us/sites/default/files/2023-02/ss-standards-2019_grades-6-8_economics.pdf,data/raw/WA/ss-standards-2019_grades-6-8_economics_b7b91f.pdf,pdf,378540,35e72fad28862f7ab245fd1bc611493251315dd2c3e9e46e144c26ae6181eef5,crawled:https://ospi.k12.wa.us/student-success/resources-subject-area/social-studies/social-studies-learning-standards,2026-10-02T18:38:17+00:00
WA,https://ospi.k12.wa.us/sites/default/files/2023-02/ss-standards-2019_grades-6-8_geography.pdf,https://ospi.k12.wa.us/sites/default/files/2023-02/ss-standards-2019_grades-6-8_geography.pdf,data/raw/WA/ss-standards-2019_grades-6-8_geography_503913.pdf,pdf,375441,4c6cbf0b15358f793ea0b471e140197231f4910848e2340707a0be1d966077c3,crawled:https://ospi.k12.wa.us/student-success/resources-subject-area/social-studies/social-studies-learning-standards,2026-10-02T18:38:18+00:00
WA,https://ospi.k12.wa.us/sites/default/files/2023-02/ss-standards-2019_grades-6-8_history.pdf,https://ospi.k12.wa.us/sites/default/files/2023-02/ss-standards-2019_grades-6-8_history.pdf,data/raw/WA/ss-standards-2019_grades-6-8_history_95efe9.pdf,pdf,383255,9ba05ec0fb5ea353d2177b9a26888e8267f62f4f1774fe64b013b882758a7b67,crawled:https://ospi.k12.wa.us/student-success/resources-subject-area/social-studies/social-studies-learning-standards,2026-10-02T18:38:20+00:00
WA,https://ospi.k12.wa.us/sites/default/files/2023-02/ss-standards-2019_grades-9-12_ss-skills.pdf,https://ospi.k12.wa.us/sites/default/files/2023-02/ss-standards-2019_grades-9-12_ss-skills.pdf,data/raw/WA/ss-standards-2019_grades-9-12_ss-skills_fa8f97.pdf,pdf,375962,e2aec0b90150a6132dea22f02345b21c5c6726dc5715bc99e2f12cb0bdd6135c,crawled:https://ospi.k12.wa.us/student-success/resources-subject-area/social-studies/social-studies-learning-standards,2026-10-02T18:38:21+00:00
WA,https://ospi.k12.wa.us/sites/default/files/2023-02/ss-standards-2019_grades-9-12_civics.pdf,https://ospi.k12.wa.us/sites/default/files/2023-02/ss-standards-2019_grades-9-12_civics.pdf,data/raw/WA/ss-standards-2019_grades-9-12_civics_989aac.pdf,pdf,380466,c142d8899517d5650d9a88f67eb9eed8a71fe5338fa01cedbe64d2a39fc1da55,crawled:https://ospi.k12.wa.us/student-success/resources-subject-area/social-studies/social-studies-learning-standards,2026-10-02T18:38:22+00:00
WA,https://ospi.k12.wa.us/sites/default/files/2023-02/ss-standards-2019_grades-9-12_economics.pdf,https://ospi.k12.wa.us/sites/default/files/2023-02/ss-standards-2019_grades-9-12_economics.pdf,data/raw/WA/ss-standards-2019_grades-9-12_economics_3599cd.pdf,pdf,383391,dfd9b2d35e4f955abdb1b2f5ebff4d8591648aeeefc1066c5583efcbc5cc67b1,crawled:https://ospi.k12.wa.us/student-success/resources-subject-area/social-studies/social-studies-learning-standards,2026-10-02T18:38:23+00:00
WA,https://ospi.k12.wa.us/sites/default/files/2023-02/ss-standards-2019_grades-9-12_geography.pdf,https://ospi.k12.wa.us/sites/default/files/2023-02/ss-standards-2019_grades-9-12_geography.pdf,data/raw/WA/ss-standards-2019_grades-9-12_geography_8f718e.pdf,pdf,376338,f86fb8de22429ca9802d5e5e36a24179d29297a11bb7d9843cbea4e6fe2fc29e,crawled:https://ospi.k12.wa.us/student-success/resources-subject-area/social-studies/social-studies-learning-standards,2026-10-02T18:38:25+00:00
WA,https://ospi.k12.wa.us/sites/default/files/2023-02/ss-standards-2019_grades-9-12_history.pdf,https://ospi.k12.wa.us/sites/default/files/2023-02/ss-standards-2019_grades-9-12_history.pdf,data/raw/WA/ss-standards-2019_grades-9-12_history_d2956d.pdf,pdf,411718,b05591ef93d927696a7b5010ebce70cd0a61f363ddc1d3e06d2d7db0fa2dac92,crawled:https://ospi.k12.wa.us/student-success/resources-subject-area/social-studies/social-studies-learning-standards,2026-10-02T18:38:26+00:00
WA,https://ospi.k12.wa.us/sites/default/files/2022-12/SocialStudiesScopeandSequence2020Web.pdf,https://ospi.k12.wa.us/sites/default/files/2022-12/SocialStudiesScopeandSequence2020Web.pdf,data/raw/WA/SocialStudiesScopeandSequence2020Web_dd2e73.pdf,pdf,142922,c81d196c01971569d89a500b130a174cbdde4d1baa418c6d06d28dd818fa6798,crawled:https://ospi.k12.wa.us/student-success/resources-subject-area/social-studies/social-studies-learning-standards,2026-10-02T18:38:27+00:00
WV,https://apps.sos.wv.gov/adlaw/csr/readfile.aspx?DocId=57330&Format=PDF,https://apps.sos.wv.gov/adlaw/csr/readfile.aspx?DocId=57330&Format=PDF,data/raw/WV/readfile_0b6b00.pdf,pdf,4426912,93e8d557959867a9abe7c6c4fd0d91e0d37cd37b767efb2b106f4bcad55052b8,direct,2026-10-02T18:38:29+00:00
WI,https://dpi.wi.gov/sites/default/files/imce/standards/New%20pdfs/2018_WI_Social_Studies_Standards.pdf,https://dpi.wi.gov/sites/default/files/imce/standards/pdf/2018_WI_Social_Studies_Standards.pdf,data/raw/WI/2018_WI_Social_Studies_Standards_99e337.pdf,pdf,1489050,81156aa9cffdc10c3dc7f1bcfac2b2b9e0fbe22323db3fac98b008d82dfa091e,crawled:https://dpi.wi.gov/social-studies/standards,2026-10-02T18:38:32+00:00
WI,https://dpi.wi.gov/sites/default/files/imce/standards/New%20pdfs/Standards%20Revision%20and%20Review%20Process%20Flow%20Chart%20final%20Sept%202016.pdf,https://dpi.wi.gov/sites/default/files/imce/standards/pdf/Standards%20Revision%20and%20Review%20Process%20Flow%20Chart%20final%20Sept%202016.pdf,data/raw/WI/Standards_Revision_and_Review_Process_Flow_Chart_final_Sept_2016_af2b9d.pdf,pdf,90653,114fab9d07d5d6da127af77fd9865ff2c049432788e1cb454ce8223fd578454c,crawled:https://dpi.wi.gov/social-studies/standards,2026-10-02T18:38:33+00:00
WI,https://dpi.wi.gov/sites/default/files/imce/social-studies/WMAS%20for%20Social%20Studies.pdf,https://dpi.wi.gov/sites/default/files/imce/social-studies/pdf/WMAS%20for%20Social%20Studies.pdf,data/raw/WI/WMAS_for_Social_Studies_9f7a60.pdf,pdf,3012942,815b69d1719af02a2bd77a2a28ae0526d878c2afb52cb652738fd2d124957619,crawled:https://dpi.wi.gov/social-studies/standards,2026-10-02T18:38:35+00:00
WI,https://www.councilforeconed.org/wp-content/uploads/2012/03/voluntary-national-content-standards-2010.pdf,https://www.councilforeconed.org/wp-content/uploads/2012/03/voluntary-national-content-standards-2010.pdf,data/raw/WI/voluntary-national-content-standards-2010_4ed1ed.pdf,pdf,1165849,c0772f053997ad8224a0fabd73930309b420486c688d880512cb126e2bfc3a09,crawled:https://dpi.wi.gov/social-studies/standards,2026-10-02T18:38:36+00:00
WY,https://edu.wyoming.gov/wp-content/uploads/2018/12/Social-Studies-Standards-20142018-additions_FINAL.pdf,https://edu.wyoming.gov/wp-content/uploads/2018/12/Social-Studies-Standards-20142018-additions_FINAL.pdf,data/raw/WY/Social-Studies-Standards-20142018-additions_FINAL_f5341c.pdf,pdf,526729,3ac4f6abd104eae0ff7e0a0e7c32f5f17019fa4331b98d4e792ff468d3d37ba5,direct,2026-10-02T18:38:39+00:00
AR,,,data/raw/AR/AR_African_American_History_Standards_2022_LS.pdf,pdf,922602,a31d9b8a7ab59ac2c8c57fb86e8ae3d952c202fcfc54fe45ab3df2cc31db6731,manual,2026-10-02T23:16:33+00:00
AR,,,data/raw/AR/AR_Civics_Standards_2022_LS.pdf,pdf,914751,0bd05369801bed1b12197fc329c8bbcb7f4cdef9233ccb408434ef1ff45f99c1,manual,2026-10-02T23:16:33+00:00
AR,,,data/raw/AR/AR_Economics_with_Personal_Finance_Standards_2022_LS.pdf,pdf,928155,af09076e3d7fe455cbec9aa4f8e86aef71a3f346ee70e1f733c1405f7b018570,manual,2026-10-02T23:16:33+00:00
AR,,,data/raw/AR/AR_Grade_7_Social_Studies_Standards_2022_LS.pdf,pdf,951585,a4c5d2244a581b0e141b1f448f0ee5d6273397c88788dd08683d342ed1cb7fb4,manual,2026-10-02T23:16:33+00:00
AR,,,data/raw/AR/AR_Grade_8_Social_Studies_Standards_2022_LS.pdf,pdf,917842,9a79bde45c0010ac3005eda563fa3794f7eaf8f6ab93dfd735f3ec9d6771c72c,manual,2026-10-02T23:16:33+00:00
AR,,,data/raw/AR/AR_Grades_5-6_Social_Studies_Standards_2022_LS.pdf,pdf,1074757,ad4a0718ab4375a83e058a0aaac910bdf06b66942ee9454a441005f2a4e2844a,manual,2026-10-02T23:16:33+00:00
AR,,,data/raw/AR/AR_Grades_7-8_Arkansas_History_Standards_2022_LS.pdf,pdf,932221,e6de7f7f003933341933e48408e490c584b43aa6f843f945a6dcbbb8da381af7,manual,2026-10-02T23:16:33+00:00
AR,,,data/raw/AR/AR_Grades_9-12_Arkansas_History_Standards_2022_LS.pdf,pdf,928277,eae18b03549b89dd0254997250bade2734138c712da32ba2fa4abcef62c0b62f,manual,2026-10-02T23:16:33+00:00
AR,,,data/raw/AR/AR_Grades_K-4_Social_Studies_Standards_2022_LS.pdf,pdf,985490,db8892f2dd31b60828c7cbce27703bbc69efcbf6436e53accd16ad69bb3189f5,manual,2026-10-02T23:16:33+00:00
AR,,,data/raw/AR/AR_Psychology_Standards_2022_LS.pdf,pdf,899940,c66e82523b54559788c6cba7de5d06c57592b3bdd3ec346fa9296f69f5f5f604,manual,2026-10-02T23:16:33+00:00
AR,,,data/raw/AR/AR_Sociology_Standards_2022_LS.pdf,pdf,899010,8ef75a33aa6eadc7aa9e863cbf30db353bac2266588cc77d1d02c5b5106533cf,manual,2026-10-02T23:16:33+00:00
AR,,,data/raw/AR/AR_US_Government_Standards_2022_LS.pdf,pdf,918047,4785e45b001c3c3632e5bc6125537f6af652f92820e8cc2084b2e39d7b6b5542,manual,2026-10-02T23:16:33+00:00
AR,,,data/raw/AR/AR_US_History_since_1929_Standards_2022_LS.pdf,pdf,938206,11f97159c8d32d02602127660856cc6c7db9e88abde8f621d612e4de8b396994,manual,2026-10-02T23:16:33+00:00
AR,,,data/raw/AR/AR_World_Geography_Standards_2022_LS.pdf,pdf,905211,5b596a61f9bf7b87288a819c68272fb66ee17ea3b97b92c5410b40963022ba60,manual,2026-10-02T23:16:33+00:00
AR,,,data/raw/AR/AR_World_History_since_1450_Standards_2022_LS.pdf,pdf,914743,79fc7ff3f01232ac37030f2cd4fe6b4cb983ac91b63edacb99a0e4f03b717129,manual,2026-10-02T23:16:33+00:00
AZ,,,data/raw/AZ/AZ 2018 History and Social Science Standards _Update8.23.19.pdf,pdf,1456070,4db7662d7f6f67e191a8b7ec404c11cbcb6092687dc0719937f58246a1621908,manual,2026-10-02T23:16:33+00:00
CA,,,data/raw/CA/CA_hssframeworkwhole_k-12.pdf,pdf,11834775,49bedb100bb28af00e4533b8360ce1e1e9d439dcfbd2788e06bc3f44719b9fa5,manual,2026-10-02T23:16:33+00:00
DE,,,data/raw/DE/DE-K-12-Civics-Standards-2018.docx,docx,23669,e887139ca56c1beceb23f4328a926a07b5bc1fc2f66c6d9ca29deb36ad766eff,manual,2026-10-02T23:16:33+00:00
DE,,,data/raw/DE/DE-K-12-Economics-Standards-2018.docx,docx,22303,36fa0a8d5143a58527faef761fa0d71cae222e5433aa73da5619b4dcaf1de3c7,manual,2026-10-02T23:16:33+00:00
DE,,,data/raw/DE/DE-K-12-Geography-Standards-2018.docx,docx,22858,73474bfd67efce2e32e529b6411f8fb9edf481f0cc3323f2eec66d562f2753fa,manual,2026-10-02T23:16:33+00:00
DE,,,data/raw/DE/DE-K-12-History-Standards-2018.docx,docx,24680,04d6c5e02182128520ffbef1120c868f03334ac915b827a97c73caa55c777a5d,manual,2026-10-02T23:16:33+00:00
FL,,,data/raw/FL/florida_k-12_social_studies.pdf,pdf,2417950,fa94c69f4f5b08b82c33eca39273d6a4b83b7ea636fa28afe7cf42f2b067205c,manual,2026-10-02T23:16:33+00:00
GA,,,data/raw/GA/GA Social Studies K-12.pdf,pdf,1651157,6a3fcc2ccf1f23c9a9b8287f07fb28eb1c90814574244aed3660ebcb24ededf0,manual,2026-10-02T23:16:33+00:00
HI,,,data/raw/HI/HI HCPSIII_AmericanProblems.pdf,pdf,183611,d07daf4cdfca616dd2f6c1c644c68c6c7e67aed6ddbc0a00b54ec38dfbd18280,manual,2026-10-02T23:16:33+00:00
HI,,,data/raw/HI/HI HCPSIII_CulturalAnthropology.pdf,pdf,173150,383fde944ccba02a8888bacc47913d8e34dc44b4834a725dc81cb324291aaa89,manual,2026-10-02T23:16:33+00:00
HI,,,data/raw/HI/HI HCPSIII_Humanities.pdf,pdf,173604,006da29b19db814e7a99b98e48f6626ef473484e236c20ce9409729f03139a83,manual,2026-10-02T23:16:33+00:00
HI,,,data/raw/HI/HI HCPSIII_PoliticalScience_Government.pdf,pdf,179836,50989bb264e09656afd6e51054f8df22075a4c73e0b7be952e6e75076a3e28dd,manual,2026-10-02T23:16:33+00:00
HI,,,data/raw/HI/HI HCPSIII_Psychology.pdf,pdf,158388,0c03094ef4b84fe692a1cf4d98a211bc2ff1f5b7f46364b70a1d0ab61a569a94,manual,2026-10-02T23:16:33+00:00
HI,,,data/raw/HI/HI HCPSIII_Sociology.pdf,pdf,179272,b93a6243605d21e6726eb2aaffd77041d0b5d71ca7fbd3f3982f34d0341fc673,manual,2026-10-02T23:16:33+00:00
HI,,,data/raw/HI/HI HCSSSDemocracy.pdf,pdf,136814,7d6ef92c2d2760643f73a0e0e0bee191dd231420c77f61882eaefd208e4ef25a,manual,2026-10-02T23:16:33+00:00
KS,,,data/raw/KS/KS hgss-standards-benchmarks-and-appendices.pdf,pdf,2468493,fa565d2781f2b130ae4b601e345ea9d85d7419e383fe6a742ffd7b8927e873b4,manual,2026-10-02T23:16:33+00:00
MN,,,data/raw/MN/MN k12 social science and studies 2021.pdf,pdf,701419,b83ff0bfadc6f4dab895f84b6003fe884287f3577d0a314bba49369ced560d0e,manual,2026-10-02T23:16:33+00:00
MO,,,data/raw/MO/curr-MO-standards-ss-6-12-sboe-2016_AOD.pdf,pdf,1501969,622928d82e77a113c1d44c41fa9aab5b7899e031ca82fb8673bc2e17287b7895,manual,2026-10-02T23:16:33+00:00
MO,,,data/raw/MO/curr-MO-standards-ss-k-5-sboe-2016_AOD.pdf,pdf,730854,46068349694cf467ca29d529fde3060de46756ab2db717f414e09f01110617a0,manual,2026-10-02T23:16:33+00:00
MO,,,data/raw/MO/curr-mls-standards-ss-k-12-sboe-2016.xlsx,xlsx,82782,41d4bde558929478e93b7b8e2f9c88cddf7fdebc7a508710405ba087b4b826a9,manual,2026-10-02T23:16:33+00:00
MS,,,data/raw/MS/MS k12 social studies.pdf,pdf,4595456,bca3cf8ec295e12dacd39e8a55f467a37cdd0de1e8c4fdde07c7dedda26fc676,manual,2026-10-02T23:16:33+00:00
NC,,,data/raw/NC/NC 1st SS Standards - A.pdf,pdf,143212,779be278b976b242afcb17c5f929c19e5f432cdca4129db77dd52b5332f77878,manual,2026-10-02T23:16:33+00:00
NC,,,data/raw/NC/NC 2nd SS Standards - A.pdf,pdf,141429,e04fa5eb3951be082f12275f7082243c914cef844d22799921de86d843038eb9,manual,2026-10-02T23:16:33+00:00
NC,,,data/raw/NC/NC 3rd SS Standards - A.pdf,pdf,154205,709c4548d3e7cb05cbda0dbae347a07ee540a764a94420064d6b4ba08fb49de3,manual,2026-10-02T23:16:33+00:00
NC,,,data/raw/NC/NC 4th SS Standards - A.pdf,pdf,144867,2ecb1a1486e2ea1779b58f3bc8264f5105de3d379d98d12146e28b31708acaf5,manual,2026-10-02T23:16:33+00:00
NC,,,data/raw/NC/NC 5th SS Standards - A.pdf,pdf,148385,7f7989cd32de0b3613e33a08e5f67934b56f15e86429acde4a67cc55545c1a52,manual,2026-10-02T23:16:33+00:00
NC,,,data/raw/NC/NC 6th SS Standards - A.pdf,pdf,155605,efcfcb9c46e50af571ac253845886d84e78ac3e7bcbee813f5d6082c227d90c8,manual,2026-10-02T23:16:33+00:00
NC,,,data/raw/NC/NC 7th SS Standards - A.pdf,pdf,142852,2b3a98beef69da908977619c420ba540652c4a564036d203184f24f562043f9f,manual,2026-10-02T23:16:33+00:00
NC,,,data/raw/NC/NC 8th SS Standards - A.pdf,pdf,150797,2e572a9f0c6c63fb46a0042a000398f7196307ff1281269ed33e97480e31f644,manual,2026-10-02T23:16:33+00:00
NC,,,data/raw/NC/NC American History SS Standards - A.pdf,pdf,164769,232e96bf8870dda670260d53bb773f54abac443febbbcac8270f46f597786ee7,manual,2026-10-02T23:16:33+00:00
NC,,,data/raw/NC/NC Economics and Personal Finance SS Standards - A.pdf,pdf,141535,8590ef5e6fe7a2ff83370b69003396aedc8b356b379c899fee13b451766275ac,manual,2026-10-02T23:16:33+00:00
NC,,,data/raw/NC/NC Founding Principles SS Standards - A.pdf,pdf,169500,67ea613dd57813f11e79d4c11b8a4385265d96052603ab49d8025b13eed7edc0,manual,2026-10-02T23:16:33+00:00
NC,,,data/raw/NC/NC K SS Standards - A.pdf,pdf,126226,75313b2850528b8e7c8020551199e939e78b1890f12acbf4425ac7f1e4b18b3d,manual,2026-10-02T23:16:33+00:00
NC,,,data/raw/NC/NC World History SS Standards - A.pdf,pdf,155615,298ce9e965be9ef3298d7d57b91eb754cb968e8482565c3156798e588d549c73,manual,2026-10-02T23:16:33+00:00
NM,,,data/raw/NM/NM-Standards-508.pdf,pdf,1580285,7a43a430d942e29d10cea998494db8757889923aa646deb733927e265154729d,manual,2026-10-02T23:16:33+00:00
NY,,,data/raw/NY/NY ss-framework-k-8a2.pdf,pdf,1269954,029c37e4eb45691d7ae724cd6e47e025ce3d4a2d442f61920a3de9960d927e14,manual,2026-10-02T23:16:33+00:00
NY,,,data/raw/NY/ny ss framework-9-12-with-2017-updates.pdf,pdf,635189,39943bd4c5abf8d56021a326e5cd4db2f39e45d81ddc749a5843334270aea889,manual,2026-10-02T23:16:33+00:00
OH,,,data/raw/OH/Ohio-s-Learning-Standards-for-Social-Studies_01-2019 1st.pdf,pdf,690963,cc5ad09bb26f8d12bab37e5ed96b47ff28b73b554c8209e688017277b85e3fa5,manual,2026-10-02T23:16:33+00:00
SC,,,data/raw/SC/SC 2019-SCSSCCR Standards-Final with appendices.pdf,pdf,1852634,aa4939e73c354569f67ad814bfcd7381f0fc83b9dd771a3a1e41c92bf50b22b9,manual,2026-10-02T23:16:33+00:00
UT,,,data/raw/UT/UT FifthGrade SS.pdf,pdf,208968,f773838ee8b8cc11fa68bb21f5e183f75b1ef0da3c83509ce51240d33e61c575,manual,2026-10-02T23:16:33+00:00
UT,,,data/raw/UT/UT FirstGrade SS.pdf,pdf,183017,04a7c4191d3cf46857c9d3a7c0270b08857594fa5af69c8214eaa533a8ea21c9,manual,2026-10-02T23:16:33+00:00
UT,,,data/raw/UT/UT FourthGrade SS.pdf,pdf,198038,9b700bc422f51b74f6404dad241e8068132fb642850a3ba04d4e790a29f95b76,manual,2026-10-02T23:16:33+00:00
UT,,,data/raw/UT/UT Kindergarten SS.pdf,pdf,178833,03452fe43ad87aab1d00d90e583b604ba728c0e33d8f00fc643b4769f993ca4d,manual,2026-10-02T23:16:33+00:00
UT,,,data/raw/UT/UT SecondGrade SS.pdf,pdf,188690,bf332547f9c46e60e086be1c1db56f152ee0210ae72ef1c9e19469c5db891764,manual,2026-10-02T23:16:33+00:00
UT,,,data/raw/UT/UT SixthGrade SS.pdf,pdf,202808,880a4d34c91238a5553feef72a1b52f5e58bdf513e02d551b67b0553f340eba3,manual,2026-10-02T23:16:33+00:00
UT,,,data/raw/UT/UT ThirdGrade SS.pdf,pdf,188559,aec6afe56140beb1f89cdb8faaf921f269c730748a01651704d59a706086d70b,manual,2026-10-02T23:16:33+00:00
UT,,,data/raw/UT/UT USGovernment SS highschool.pdf,pdf,69733,6b070eac13f8a19d09027731abb3f39ffcebd5d31b04fe7af3836267abec4295,manual,2026-10-02T23:16:33+00:00
UT,,,data/raw/UT/UT USHistory1 SS highschool.pdf,pdf,78664,b7826cea36cf29a843656704b7e4814cefa358b2a97652a73c6840392b02d914,manual,2026-10-02T23:16:33+00:00
UT,,,data/raw/UT/UT USHistory2 SS highschool.pdf,pdf,85350,360271c79eb342deb59b49bce2803a0dac65a585ce6db7e9e9ca39a7ba08b4b5,manual,2026-10-02T23:16:33+00:00
UT,,,data/raw/UT/UT UtahStudies SS highschool.pdf,pdf,76886,6e27d84952a186bc52d50347def88260bb7211d2ab46e3ff52c88f1e802f07f2,manual,2026-10-02T23:16:33+00:00
UT,,,data/raw/UT/UT WorldGeography SS highschool.pdf,pdf,68251,5e9b0a6e7cc7fcf9c7295ea04296f5a0eaec38d21d3f95b1f008503454a7dbaf,manual,2026-10-02T23:16:33+00:00
UT,,,data/raw/UT/UT WorldHistory SS highschool.pdf,pdf,82771,0be23dc651fdd7a9985382079f1c39fe0a7daf8e43a7256c40cbf37fb4583b31,manual,2026-10-02T23:16:33+00:00
VA,,,data/raw/VA/VA 2023 HSS SOL FINAL 03.11.25.docx,docx,581291,b4caf1d7871f033db534476743add8935a6a3bb169cc1e895db8b4d5240152d0,manual,2026-10-02T23:16:33+00:00
