abbr,state,files_downloaded,source_link,problems,notes
AZ,Arizona,0,https://www.azed.gov/standards-practices/k-12standards/standards-social-studies,https://www.azed.gov/standards-practices/k-12standards/standards-social-studies: HTTP 403,
AR,Arkansas,0,https://dese.ade.arkansas.gov/Offices/learning-services/curriculum-support/social-studies-standards-and-courses,"https://dese.ade.arkansas.gov/Offices/learning-services/curriculum-support/social-studies-standards-and-courses: SSLError: HTTPSConnectionPool(host='dese.ade.arkansas.gov', port=443): Max retries exceeded with url: /Offices/learning-services/curriculum-support/social-studi",
CA,California,0,https://www.cde.ca.gov/ci/hs/cf/hssframework.asp,https://www.cde.ca.gov/ci/hs/cf/hssframework.asp: no document links found (JS-rendered page?),
CO,Colorado,1,https://resources.finalsite.net/images/v1781015125/cdestatecous/yydpaovrvbr2qsx5snmt/ColoradoAcademicStandards-SocialStudiesStandardsP-12adopted2022_1.pdf,https://ed.cde.state.co.us/cosocialstudies/ss2022stdssintroduction: no document links found (JS-rendered page?),https://ed.cde.state.co.us/cosocialstudies/ss2022stdssintroduction --- Web Page
DE,Delaware,0,https://education.delaware.gov/educators/academic-support/standards-and-assessments/social-studies/standards,https://education.delaware.gov/educators/academic-support/standards-and-assessments/social-studies/standards: HTTP 403,links to standards are downloadable word docs
FL,Florida,0,https://www.fldoe.org/file/20885/7-3.pdf,https://www.fldoe.org/file/20885/7-3.pdf: HTTP 403,
GA,Georgia,0,https://gadoe.org/learning/social-studies/,https://gadoe.org/learning/social-studies/: no document links found (JS-rendered page?) | https://case.georgiastandards.org/a446e74c-463e-11e7-94f5-b49cee8b2d8c/a446e74c-463e-11e7-94f5-b49cee8b2d8c: no document links found (JS-rendered page?),Possible other link: https://case.georgiastandards.org/a446e74c-463e-11e7-94f5-b49cee8b2d8c/a446e74c-463e-11e7-94f5-b49cee8b2d8c
HI,Hawaii,20,https://hawaiipublicschools.org/academics/subject-matter-standards/,http://www.nextgenscience.org/sites/default/files/ParentGuide%20Grades%20Kto2%20-%20General.pdf: HTTP 202 | http://www.nextgenscience.org/sites/default/files/ParentGuides%20Grades%203to5%20-%20General.pdf: HTTP 202 | http://www.nextgenscience.org/sites/default/files/ParentGuide%20Grades%206to8%20-%20General.pdf: HTTP 202 | http://www.nextgenscience.org/sites/default/files/ParentGuide%20Grades%209to12%20-%20General.pdf: HTTP 202,Grade-level documents linked from the page.
KS,Kansas,0,https://www.ksde.gov/student-success/resources-by-subject-area/history-government-and-social-studies,https://www.ksde.gov/student-success/resources-by-subject-area/history-government-and-social-studies: no document links found (JS-rendered page?),"Adopted March 10, 2020."
MD,Maryland,0,https://marylandpublicschools.org/about/Pages/DCAA/Social-Studies/MSSS.aspx,https://marylandpublicschools.org/about/Pages/DCAA/Social-Studies/MSSS.aspx: HTTP 503,Grade-level frameworks linked from the page. - Website is currently under construction 
MN,Minnesota,0,https://education.mn.gov/MDE/dse/stds/soc/,https://education.mn.gov/MDE/dse/stds/soc/: no document links found (JS-rendered page?),
MS,Mississippi,0,https://www.sos.ms.gov/adminsearch/ACProposed/00026579b.pdf,https://www.sos.ms.gov/adminsearch/ACProposed/00026579b.pdf: HTTP 403,Administrative code filing of the 2022 standards; also on mdek12.org.
MO,Missouri,0,https://dese.mo.gov/college-career-readiness/curriculum/missouri-learning-standards,https://dese.mo.gov/college-career-readiness/curriculum/missouri-learning-standards: no document links found (JS-rendered page?),K-5 and 6-12 PDFs on the page.
NM,New Mexico,0,https://web.ped.nm.gov/wp-content/uploads/2025/01/NM-Standards-508.pdf,https://web.ped.nm.gov/wp-content/uploads/2025/01/NM-Standards-508.pdf: HTTP 202,Teacher-friendly version.
NY,New York,0,https://nysed.gov/standards-instruction/social-studies,"https://nysed.gov/standards-instruction/social-studies: SSLError: HTTPSConnectionPool(host='nysed.gov', port=443): Max retries exceeded with url: /standards-instruction/social-studies (Caused by SSLError(SSLCertVerif","Intro, K-8 and 9-12 PDFs on the page."
NC,North Carolina,0,https://www.dpi.nc.gov/districts-schools/classroom-resources/office-teaching-and-learning/standard-course-study/social-studies/standard-course-study-supporting-resources#SocialStudiesStandards-8686,https://www.dpi.nc.gov/districts-schools/classroom-resources/office-teaching-and-learning/standard-course-study/social-studies/standard-course-study-supporting-resources#SocialStudiesStandards-8686: no document links found (JS-rendered page?),Grade 8 (NC and US History) only; other grades on the NCDPI Social Studies page.
OH,Ohio,0,https://education.ohio.gov/Topics/Learning-in-Ohio/Social-Studies/Ohio-s-Learning-Standards-for-Social-Studies,https://education.ohio.gov/Topics/Learning-in-Ohio/Social-Studies/Ohio-s-Learning-Standards-for-Social-Studies: no document links found (JS-rendered page?),
SC,South Carolina,0,https://ed.sc.gov/instruction/standards-learning/social-studies/standards/,https://ed.sc.gov/instruction/standards-learning/social-studies/standards/: no document links found (JS-rendered page?),This is the link to the PDF: https://ed.sc.gov/instruction/standards/social-studies/standards/2019-south-carolina-social-studies-college-and-career-ready-standards/
UT,Utah,1,https://www.uen.org/core/socialstudies/,https://www.uen.org/k-2educator/downloads/KindergartenBestPracticesGuide.pdf: HTTP 404,
VA,Virginia,0,https://www.doe.virginia.gov/teaching-learning-assessment/k-12-standards-instruction/history-and-social-science/standards-of-learning,https://www.doe.virginia.gov/teaching-learning-assessment/k-12-standards-instruction/history-and-social-science/standards-of-learning: HTTP 403,Full implementation Aug 2025.
