abbr,file,local_path,file_type,pages_or_sheets,words,file_sha256,text_sha256,status
AL,AS_20250110_2024-Alabama-Course-of-Study-Social-Studies_V1.0_f8e7f0.pdf,data/raw/AL/AS_20250110_2024-Alabama-Course-of-Study-Social-Studies_V1.0_f8e7f0.pdf,pdf,163,50934,6b10872017de1911a38bc5be193098d215c3ad8de24d4aa426ddbef9e81c39a8,99e072646caeef330d1c2d7b9ae50976eab98efb6ac7bfc3700a41ed330f9342,ok
AK,Adopted-AK-SS-Standards-2024_09c1fb.pdf,data/raw/AK/Adopted-AK-SS-Standards-2024_09c1fb.pdf,pdf,129,30711,86793e976411e605f82c566931e433479546ba45aaa96a8da0db4f3fa807120c,f9bd829370116130558f1912130e44514bc5b3dbc8f85b970fe0bcef6c292236,ok
CO,ColoradoAcademicStandards-SocialStudiesStandardsP-12adopted2022_1_582b69.pdf,data/raw/CO/ColoradoAcademicStandards-SocialStudiesStandardsP-12adopted2022_1_582b69.pdf,pdf,145,47869,be2570b3fcd5f347a86be22dd97f942876106f33cce2435d768409eed7865b67,6dc7dc73431a7cc764d48dfedb3211425a75341db5fb147f9eb99280103b7617,ok
CT,socialstudiesstandards_470fc5.pdf,data/raw/CT/socialstudiesstandards_470fc5.pdf,pdf,76,24447,5f8911c21690228efaba538f67aab78e953a1a6ed576eeb716083ca683dc603a,8443c8daa0cad2f6ef987399fe0a9d1a9eb47a7fb76b28fbcb8769712e44bf35,ok
DC,To_Approve_DC_Social_Studies_Standards_SR23-7_040e49.pdf,data/raw/DC/To_Approve_DC_Social_Studies_Standards_SR23-7_040e49.pdf,pdf,2,596,4e9856627ea70fcd909b3e64b78c31edc3e44700ec26c615bc0f4ae875631464,dfed4c964424b3a65b7496321ae03f63cf2a8e8c47ca57b17c40d0834a13df80,ok
DC,TAL_SSStandards_SinglePageLayout_BW_0760c6.pdf,data/raw/DC/TAL_SSStandards_SinglePageLayout_BW_0760c6.pdf,pdf,95,44981,dc8623ef7e59c73f2521063868d289018fa53b3554427be453d6bce2e2beb3dc,a3a933f1e6ad1bcb9c0170e9cbea8cd606525b5158dd71cb419721411092720e,ok
DC,Social_Studies_Assessment_Rubric_c71625.pdf,data/raw/DC/Social_Studies_Assessment_Rubric_c71625.pdf,pdf,3,1422,c80348fc07415a9feb3c04f5240998c6c68732c39a0aa396e0f117909ba07b6d,b2aa05423e5922768947734c0ec2e3647e24fc65980e9b632e5ccf55c6cd5531,ok
DC,Social_Studies_WalkthroughTool_f50c7d.pdf,data/raw/DC/Social_Studies_WalkthroughTool_f50c7d.pdf,pdf,4,1798,a8d95107b903f534fb5d37f86a01cf584305b92f9786a6fc1f09c65672455e9c,2913179a9aca5a9a712b1a33ed683980fd8995d4fa35552833825b1c6b3d483a,ok
DC,Social_Studies_Supplemental_Lesson_Tool_948fc3.pdf,data/raw/DC/Social_Studies_Supplemental_Lesson_Tool_948fc3.pdf,pdf,6,2798,ae5c63bbe0b121d5f07d9560aba26b40d762c2668ede7897e3e5ad28e8170038,9b2fa6b4c1210f811e19bf0cd619eb4e4f7dbfdd3a717d7bd2fe04c3b67b758e,ok
HI,HCSSSgrK_26da93.pdf,data/raw/HI/HCSSSgrK_26da93.pdf,pdf,4,855,1947e972bffc2ab139e2ac32d454f5ff68b2fcdaeb99db5478e47bb0cf07688c,857596281152ab555e70054273e8bd0fa5a77620b550e689db35476bf6fb367d,ok
HI,HCSSSgr1_c61d03.pdf,data/raw/HI/HCSSSgr1_c61d03.pdf,pdf,5,1123,e6219923e9a357da44c275ef08db7015ba4800a6de1e349d4fc36bd8fcb14b15,1ba9de3deb13c206b9decfd579407a693cfb62abec2f5c945998b710ad75fcb1,ok
HI,HCSSSgr2_cc4e98.pdf,data/raw/HI/HCSSSgr2_cc4e98.pdf,pdf,5,1170,456443d0551956502b03ac065f7dc84ffa5183c991f829c3651a5d9360393fab,8962c71eb9e07d9ef26c88a63176fdf38f0ae54a55468a2e5b3cf998ee45f722,ok
HI,HCSSSgr3_83ae9b.pdf,data/raw/HI/HCSSSgr3_83ae9b.pdf,pdf,6,1284,a8096aeb06e9952be8a04382e8173387aff4f911d26494ce2d576025f54bf6a6,1f7a7a47c0adc0a206c69e69e1b7a5f6eec0dd57948aa1d10b1a0ef5e812a229,ok
HI,HCSSSgr4_962d88.pdf,data/raw/HI/HCSSSgr4_962d88.pdf,pdf,10,1728,d0a0b31eb0475bc3e34c94c19ffbb8a93f42d39b1ca693f1ae628b0361705c40,c861227b77b966553b111c8d4bc49c5d4e3ccdf32e148145afb64e5d8ff1db31,ok
HI,HCSSSgr5_85084d.pdf,data/raw/HI/HCSSSgr5_85084d.pdf,pdf,9,1701,8ffb0137ac26112f8611fb58fd1edb9fb1a6696dcdf2c282e77477b903e1d4a8,01615ca4c9f45ba853d5f02c1efcbc255dbc567b83b87ef7c448caf90f379291,ok
HI,HCSSSgr6WorldHist_457412.pdf,data/raw/HI/HCSSSgr6WorldHist_457412.pdf,pdf,10,2117,f7f17e1f5401317d8722e665c023ef22d15de5f884265eddda7b3d13d7ceb922,d04e244936e3e89e713751b28654f3e16affd48acfdb8bd50883ddd3037d19be,ok
HI,HCSSSgr8USHist_d361b9.pdf,data/raw/HI/HCSSSgr8USHist_d361b9.pdf,pdf,10,1695,70d3d71b8016121f7fe63b89556402dda2e744192638bd3a1223b26f4019a65b,391cc8a5f74ac9b81f6c0242a002989ca5088ccccdbc9c649aeb70f0e3630e78,ok
HI,HCSSSHawaiianKingdom_da6669.pdf,data/raw/HI/HCSSSHawaiianKingdom_da6669.pdf,pdf,6,1156,17530ea932903acec93a98035376fadcc2f54232c0947e6e30bb5a8c4b14ece4,7ac9545d5828d21e6321a8fe04d6ead20b0ea62df8aeac33fc10656ac25e1f87,ok
HI,HCSSSModernHistoryHawaii_614df7.pdf,data/raw/HI/HCSSSModernHistoryHawaii_614df7.pdf,pdf,6,1257,2bdc31688fc5924e931fdfb444cc5f132ce4c21baeecc9bddff702ec1659a619,5a9646653d21ed9be9020604fd595acf1a1a0fc3ebac2abc9524b79af5eb38b1,ok
HI,HCSSSPacificIslandStudies_d85df1.pdf,data/raw/HI/HCSSSPacificIslandStudies_d85df1.pdf,pdf,5,1071,505fa35f0529271b005535016147cec95ef93784a525fe0a7a3811c67429ef30,51ad02ba90026e5845619c0617bbe125a852188fa22e18cd827f1458a435ac15,ok
HI,HCSSSUSHistoryGovernment_92def7.pdf,data/raw/HI/HCSSSUSHistoryGovernment_92def7.pdf,pdf,15,2830,5b515616b1859929b8579690eba206ab32891c726da2db653b74cf0e9afbf08d,c61c9d619fe5627a433a943229ed7743f4ba4ffa882777ba011f3be66bba5356,ok
HI,HCSSSWorldHistoryCulture_aebfd5.pdf,data/raw/HI/HCSSSWorldHistoryCulture_aebfd5.pdf,pdf,10,2253,7a3d3fd039ba4954ae6c2a7302e372d46032f63a97bcc5309330c8d0fa57248e,32a0b7b905c26ae755acfa3eb507a84265330b00eb8804a736751048027d1660,ok
HI,HCPSIII_AsianStudies_b80bc4.pdf,data/raw/HI/HCPSIII_AsianStudies_b80bc4.pdf,pdf,5,1572,a8a2a41304478dfeca89f5dbdcd2715ac48bfe21af2f9b76cf6b845c33978429,c725784dc4649e4674ddf9e5aa2607d8ef27227e1aa64fa224f8134acb2d69e1,ok
HI,HCPSIII_Economics_ede75f.pdf,data/raw/HI/HCPSIII_Economics_ede75f.pdf,pdf,6,2150,e83ab28877d4c783440ecbe3842ccb0a19472a702cc7ae409bd08f4888c0aebf,6a8e2aa8a50b5a377f91a915a51ed26a0cd5f107f3ff5f736d048fb6df131761,ok
HI,HCPSIII_EuropeanStudies_88656b.pdf,data/raw/HI/HCPSIII_EuropeanStudies_88656b.pdf,pdf,5,1601,61ec0c3b37cd823ed06b549150d6c2fea074a17b23a6697a3ee98df0bef37fd3,687a8d03b612bf3e2517d074106a7552520bef225c769b8b7dc14a85221a7844,ok
HI,FilipinoHistoryCultureCourseStandards_96ad1e.pdf,data/raw/HI/FilipinoHistoryCultureCourseStandards_96ad1e.pdf,pdf,9,1534,adfa0ded808e6105f4d67e5e71326b672c3f7bbdf830dccfe84a73b6165b9fe6,d5f73246d3950329014356e79321c0f77b6c6d4cfa5ae44bbd0edd3eae6c5f87,ok
HI,HCPSIII_Geography_1b2aa3.pdf,data/raw/HI/HCPSIII_Geography_1b2aa3.pdf,pdf,5,1464,0609ea96ee9efada52014da2d358bfddd59cae4db8b800e4706c842e60c5845b,3cb15ec932f6235c358ec6cb1ae62c3ce56fd97a38422aa33591a5a8e18006e0,ok
HI,HCPSIII_GlobalStudies_605e6f.pdf,data/raw/HI/HCPSIII_GlobalStudies_605e6f.pdf,pdf,5,1404,6b228c5e707ac37f346ecdcefb86323a16d3d5adc2c5b011ad503dbad4cff068,82d051c308e78e6812f320fcabddf7b46387fd307b41ee7e60760fd4e06a1113,ok
HI,Financial-Literacy-Standards_1b3278.pdf,data/raw/HI/Financial-Literacy-Standards_1b3278.pdf,pdf,7,2407,4081d1b7ef117378e10f7d75ccdbba3dd2bd9d4c5e7811e2d6215b2781b64811,1c0e31646fc4c3d00ad028224e7105c68ec0b56f10277a7bda56cee9b0dae449,ok
ID,K-12-Social-Studies-Standards_4ca81c.pdf,data/raw/ID/K-12-Social-Studies-Standards_4ca81c.pdf,pdf,73,13924,c5249cb8d80a215096cd780d3921b3c1e4296a01c2cc8f5fe9fc7f6e6a3c67b9,855d5727d661434e5d3889cae47e58bdf2c2e54bdfd1e7280b768588568593e6,ok
IL,IL-Social-Science-Standards_4db7c3.pdf,data/raw/IL/IL-Social-Science-Standards_4db7c3.pdf,pdf,23,9758,da88c76b2f2cacf77e6a5e9bedb2af4299c9fb56b13e88e166135067bb3a7e71,dbb43b30cb294dec5f556a66daadeab1227a55378804d0e05eb90f27ce11f273,ok
IN,indiana-academic-standards-kindergarten-social-studies_dbb6af.pdf,data/raw/IN/indiana-academic-standards-kindergarten-social-studies_dbb6af.pdf,pdf,5,1186,7a806736a9c4aa6147788cba7b6721c2c5641ff910c1b71d11af8e7e74f8b3d9,66baf3900a128b889f93d885f46ecc67b3881d603b603122040935305cc0479a,ok
IN,indiana-academic-standards-grade-1-social-studies_432eee.pdf,data/raw/IN/indiana-academic-standards-grade-1-social-studies_432eee.pdf,pdf,5,1287,6d73c4cd1c2d069dc08718d6b02d58226ed5384c5fd207e21b1caabfada925a3,29ab98d97e11d01f14ea89c487c824be6b7f4b98448db466923743ca76882596,ok
IN,Indiana-Academic-Standards-Grade-2-Social-Studies_b2b7c7.pdf,data/raw/IN/Indiana-Academic-Standards-Grade-2-Social-Studies_b2b7c7.pdf,pdf,6,1426,db8d62ce35a4876c64500c4bf28991ea44d44b807fd3b50c4ccbce398addd429,36675deff2bb0ce1fbc84dd0fbd3d1f861cb20c1df6058dd4c4948f06ec87c2d,ok
IN,2026-Indiana-Academic-Standards-Grade-3-Social-Studies_d0f3c3.pdf,data/raw/IN/2026-Indiana-Academic-Standards-Grade-3-Social-Studies_d0f3c3.pdf,pdf,7,1559,b3fca8fd716c002feda960734b033ba5002fe2c593e38d4d520e20beaa644d82,13aa5262d75fde9e1356d3fe2edb769c9d0fb6ad34f4a4ffc12907a9f4e4e982,ok
IN,Indiana-Academic-Standards-Grade-3-Social-Studies_186ed8.pdf,data/raw/IN/Indiana-Academic-Standards-Grade-3-Social-Studies_186ed8.pdf,pdf,6,1708,65c66ae1fefcdcd90a19e89af86a0debcc3671da4f8cb158b1acb62b8d9e23b1,7ab1d254674cdc7579e3b207938275a9c610bce4144129d7c1896200b9565070,ok
IN,Indiana-Academic-Standards-Grade-4-Social-Studies_7dbc21.pdf,data/raw/IN/Indiana-Academic-Standards-Grade-4-Social-Studies_7dbc21.pdf,pdf,7,2064,2df71a74ac5978acbcc6e6cf6d252e09742d1031fe8fb443a8d0b4716c2c73c7,915812c8387fec1131fbf9afab18cdeb0e45dd7d044b99a474aee06ffea7b056,ok
IN,Indiana-Academic-Standards-Grade-5-Social-Studies_8ab064.pdf,data/raw/IN/Indiana-Academic-Standards-Grade-5-Social-Studies_8ab064.pdf,pdf,8,2207,4e5b9a7063d8b3a8c7ace5a183784b6cb0abd4c878d06b66aed31ac15a0a8620,1c49d4d7e7dcd0de64dc87a6c756c9b81d3a72bab916744106a1a7a38354f3c5,ok
IN,2026-Indiana-Academic-Standards-Grade-6-Social-Studies_94e5c1.pdf,data/raw/IN/2026-Indiana-Academic-Standards-Grade-6-Social-Studies_94e5c1.pdf,pdf,7,1531,e32d3dfaefeed2b484c4926d5fff4b8f65ffb4bd375d838f2f2edea948be0d35,9c205b01db8ad647e15a4dd2881b75a45d936751af59fcaea95116da836b3a4e,ok
IN,Indiana-Academic-Standards-Grade-6-Social-Studies__5bc24d.pdf,data/raw/IN/Indiana-Academic-Standards-Grade-6-Social-Studies__5bc24d.pdf,pdf,7,1840,a8c6766270fe6b9364e35fe561f6f66aff36d7fbad234da1612c1c124f82abed,6f9220ad25a0c716c8cecf8a74928776bb7e69f06ac10e450e5eb40bbb459eb9,ok
IN,Indiana-Academic-Standards-Grade-6-Middle-School-Civics_d4140f.pdf,data/raw/IN/Indiana-Academic-Standards-Grade-6-Middle-School-Civics_d4140f.pdf,pdf,5,1166,b310cb063bfbe6ddd773df024c063b2348e9b8588fddbcaef0f93fc2eeed2718,69762bed24b00e3a2aa92532d672c2278d723a74df254a26ed9c653dfe1eed4c,ok
IN,2026-Indiana-Academic-Standards-Grade-7-Social-Studies-3_ecfa83.pdf,data/raw/IN/2026-Indiana-Academic-Standards-Grade-7-Social-Studies-3_ecfa83.pdf,pdf,7,1609,45c18b0a918fe5328d76662273fdf183eaffa58d22cc49cc7231e0178f0bf23c,e0f5681c060f6acb996a74821d8dc00abe2f2b03cc2fdefbc5a94d8394c25e85,ok
IN,indiana-academic-standards-grade-7-social-studies_2c15e4.pdf,data/raw/IN/indiana-academic-standards-grade-7-social-studies_2c15e4.pdf,pdf,6,1743,3d2007d537936e8153e3f6c12d03b05fef08129008a9e4bc1b3fbfac258a9e8f,e8c2c32ae05deb6154c89d43e8cb8b6deadade2fd286f4f95f49703afa594034,ok
IN,2026-Indiana-Academic-Standards-Grade-8-Social-Studies_a_8da304.pdf,data/raw/IN/2026-Indiana-Academic-Standards-Grade-8-Social-Studies_a_8da304.pdf,pdf,8,2121,360954241c8a0642f67bfc90bca9d9876a229aeabfcb1fd7af97990c669d9704,5755746a38e6075473a4fd433c0c262d43eb33cd275900bac23fcfa1ed85c549,ok
IN,indiana-academic-standards-grade-8-social-studies_e4c0a6.pdf,data/raw/IN/indiana-academic-standards-grade-8-social-studies_e4c0a6.pdf,pdf,7,2100,70ee459d83d866204a1567380cd7414591d88e6ab74b5828d0b6a15667827e29,db2e313d78d157c1e109c1952cdf5602dd23e34f6d4fcb61f74d99f0023c5b11,ok
IN,2026-Indiana-Academic-Standards-Economics_933337.pdf,data/raw/IN/2026-Indiana-Academic-Standards-Economics_933337.pdf,pdf,7,1528,7b85da39f9645521ab7bf74821227caf692bd4a289bff998c097ebc8d000ba50,0f2c23bc61eea7debd7a7d4616896f2ae4dc6d4d815ded7a4370fa9f353b4f44,ok
IN,indiana-academic-standards-economics_4d176f.pdf,data/raw/IN/indiana-academic-standards-economics_4d176f.pdf,pdf,6,1419,44df10e8234b02eed860f6cfc6381477b7b519f70da6e1d45c746a2536a9c995,0e7ef9d60e17bf691e20b6bb7a039c64ea16fc00402361157a09b130b065a1d6,ok
IN,indiana-academic-standards-geography-and-history-of-the-world_c024f5.pdf,data/raw/IN/indiana-academic-standards-geography-and-history-of-the-world_c024f5.pdf,pdf,8,2533,5c6edeb098e3730e534d6c2e2f68ad0443aeba0f7d6fca5b8237accfdc9d0e47,6fdceac34699687e87290393aa554b06757e5885533d7d5a98ef9dcee7c90099,ok
IN,2026-Indiana-Academic-Standards-U.S.-Government_5c0f46.pdf,data/raw/IN/2026-Indiana-Academic-Standards-U.S.-Government_5c0f46.pdf,pdf,8,1770,63df08a270ae76a0195632471b94568a07cdbfaea3d2c748cfe6b576004d6d5b,2577aacf756d1d1fee87b4c9322d14a059014e65668239b369665b576c856f46,ok
IN,Indiana-Academic-Standards-U.S.-Government_4b18b4.pdf,data/raw/IN/Indiana-Academic-Standards-U.S.-Government_4b18b4.pdf,pdf,6,1630,e975c914f3795fb5b18a02766f91388384a52d4f2953edb463da2441d44b0192,4a8c3f727848571964ad8b2e7518489b80cc52f6f39e53c7c50446444456cedb,ok
IN,2026-Indiana-Academic-Standards-U.S.-History_fa7d1b.pdf,data/raw/IN/2026-Indiana-Academic-Standards-U.S.-History_fa7d1b.pdf,pdf,7,1658,2a62174659447f69636cacdb5044408be4be81b3605c1d89f8bb16ac0879b2e7,1d0a9840f0165772462130e8f5e8ce910eb073aad5cf4de911696fe16491da84,ok
IN,Indiana-Academic-Standards-U.S.-History_1d38f5.pdf,data/raw/IN/Indiana-Academic-Standards-U.S.-History_1d38f5.pdf,pdf,7,1860,c079525614695238464d04d7c40794c4ce079d5064ac500425b05b031367aa7c,ba6de0fca50fbb87760d6286e0c8ecaf65a6ac06679316c99fd735fa1b9a0108,ok
IN,2026-Indiana-Academic-Standards-World-History-and-Civilization_ac0a88.pdf,data/raw/IN/2026-Indiana-Academic-Standards-World-History-and-Civilization_ac0a88.pdf,pdf,8,1825,5d715a91324b803e93e9ee8bea47494427d62742bc8eabcd3afb21f25d82c189,678ec43723e1a4baef3c0cf379902a920754c8e659a3f2bfe69227e3621fcff0,ok
IN,indiana-academic-standards-world-history-and-civilization_de6375.pdf,data/raw/IN/indiana-academic-standards-world-history-and-civilization_de6375.pdf,pdf,7,1768,4de3959f93f20261ff05cbf6f12d9d867951c79faad53547d2010e841646a118,d40ce523ef9a750e146a3dafbb6f7f09d5e359e78433b4af5fe0d8dc1d027660,ok
IN,2026-Indiana-Academic-Standards-Sociology_505c23.pdf,data/raw/IN/2026-Indiana-Academic-Standards-Sociology_505c23.pdf,pdf,9,2202,083da94d9f7734c31b1060778b733d519873468efcca51d996a9ac77204b2d2b,c816ed798bbfdf486805053f1c3ac832e1cb764c622dfe48133a6ab0d76c6bb2,ok
IN,Grade-6-Civics-Course-FAQ-December-2023_536825.pdf,data/raw/IN/Grade-6-Civics-Course-FAQ-December-2023_536825.pdf,pdf,2,484,b12e4bb45c0efa4925e6c51ff6d8221aa73deffa3ec7174536976433a1c4c8a2,488dce51e764aeb1be49f7a9f58215f9321880de82ad73ed54e502399913d115,ok
IA,download_e5f143.pdf,data/raw/IA/download_e5f143.pdf,pdf,219,57735,2b9d9790a801cc1767b5c8f1af768fe9c16c6a858bd7efc1275e321d39c07827,de20270455fa260a63721b475e0378a2a1098a8ae240433e6d41ac844e275c0d,ok
KY,Kentucky_Academic_Standards_for_Social_Studies_52f5c5.pdf,data/raw/KY/Kentucky_Academic_Standards_for_Social_Studies_52f5c5.pdf,pdf,284,82300,d717c2555324da5c62ea00cc55b179a0a5ba089b3b505246cdb3b3338d98c98d,7da85996f69f39206d019aed597aca9fd883e9023b229088e80d37177b6901a8,ok
LA,k-12-louisiana-student-standards-for-social-studies_b9db19.pdf,data/raw/LA/k-12-louisiana-student-standards-for-social-studies_b9db19.pdf,pdf,65,23403,791c93d376a07d7f631ed6339f83204906475e0dd90647d11b41a693258f70b9,1c82ab3f0adda613db70a8c1f9ee1b42ed72299a6b18b5c67c20d1d629f1f34f,ok
ME,MLR_-_Social_Studies_2019_revised_standards_-_10.2025_fcf62a.docx,data/raw/ME/MLR_-_Social_Studies_2019_revised_standards_-_10.2025_fcf62a.docx,docx,,8073,233dc110ee945e23c2f1e816db3d21f7fa21ca38c3769bd929859d978c0885ed,ed524ea3227bbc921923d391453c461cf840fd365979f9ac9658eafdff84016f,ok
ME,Social_Studies_-_MLR_Social_Studies_Geography_2019_-_10.9.2025_83d3f3.pdf,data/raw/ME/Social_Studies_-_MLR_Social_Studies_Geography_2019_-_10.9.2025_83d3f3.pdf,pdf,8,2563,95daef87b48a9ad2abcb67c07b171ee0ccc2135c2da958a24531ef5e0c2740d0,5dd8be9008af24a9b8391bfdd7c680f125e1dc033acdcf26504f26ca66a628e0,ok
ME,Social_Studies_-_MLR_Social_Studies_History_2019_-_10.9.2025_7f7403.pdf,data/raw/ME/Social_Studies_-_MLR_Social_Studies_History_2019_-_10.9.2025_7f7403.pdf,pdf,10,3355,cefc2fba54c444e86231fec2d6476c17a98bcad8bb735abdff2e29fe110f51de,315b96ff7ded1e67b0d7ba5470da06869916e2fcfe9edbec19f45b282d8c5e8d,ok
ME,Maine_Learning_Results_for_Social_Studies_-_2007_Version_0_0d4c29.pdf,data/raw/ME/Maine_Learning_Results_for_Social_Studies_-_2007_Version_0_0d4c29.pdf,pdf,17,6651,8fba1dc8e2a927279386b2650fd515f8662e0b37f6d71467c87651e347b0d90a,4a725c9148930b4b03b922366ceab0bdd939ecd313566fdf684af3a1460e49d6,ok
MA,2018-12_3e7081.pdf,data/raw/MA/2018-12_3e7081.pdf,pdf,217,83191,7c3d8383e8593a98f3898c33f8a602c887b5dd8874ed8a5a0b92f74ce270a8fb,b668cce31b198778eecb73312cb39eafb55cd6f5d699eab9c49d8f855469c1e7,ok
MI,Final_Social_Studies_Standards_Document_655968_7_1bc63b.pdf,data/raw/MI/Final_Social_Studies_Standards_Document_655968_7_1bc63b.pdf,pdf,147,53774,bba06f46bb241ae3cdd698caaeb41baa3c976d96176fef0a9d594a7e98e70b96,2ecfbfd59797278606b544b4b0c27dff3450963684e6f1f95d5614f2e5f95af0,ok
MT,SIPL_CSI_Standards_Revision_Social_Studies_Montana_K-12_Content_Standards_for_Social_Studies_2021.04.05_86672e.pdf,data/raw/MT/SIPL_CSI_Standards_Revision_Social_Studies_Montana_K-12_Content_Standards_for_Social_Studies_2021.04.05_86672e.pdf,pdf,18,3562,9121f3924e410dde19137befcae99752760b80ea152a56552272d8b9509bf5c3,c478622a0392c588e88bdc5259049992460b7520efed542032dbdd9f2a26e3ea,ok
MT,2021_SS_for_Web_4e6bb2.xlsx,data/raw/MT/2021_SS_for_Web_4e6bb2.xlsx,xlsx,11,5837,6d1baa5ab4ea0474e7501a7983e5b6bd512c440cbffcfa0347b2d6f649f147b4,fb22246b2b88daa303ac49dd204dd1e51bcb2d8f947551b4a8f338a4b25ee2a7,ok
MT,IEFA_Connections_Social_Studies_Standards_6a3222.pdf,data/raw/MT/IEFA_Connections_Social_Studies_Standards_6a3222.pdf,pdf,8,2363,01af32399b80d1b825510ac4559af0556574f3a2089a11c36171700977336486,0f8a1fae026cb25965568beb35e62ca45f528e593fceaf5a7fabafd7ff642561,ok
NE,Nebraska-Social-Studies-Standards-Final-11-2019_bc9931.pdf,data/raw/NE/Nebraska-Social-Studies-Standards-Final-11-2019_bc9931.pdf,pdf,66,18717,188e2edd355ed260c02e925babe742cc9d30af2210c84431b6b23a10742edb4b,49e3aa0b0b77fad39dc659505191d2bc82e35d6be8e4664e01d628bc6e527196,ok
NE,Nebraska-Social-Studies-Standards_Final-Draft-Horizontal_2d3126.xlsx,data/raw/NE/Nebraska-Social-Studies-Standards_Final-Draft-Horizontal_2d3126.xlsx,xlsx,12,8573,d223602cd87b3e15230f63ab6c26171cc2263b39d9fcf90c85066426b7cbdf50,5c46989a2c090d40bc859815154fbd8ecf13419b071c9b1ff008779a22ecc709,ok
NE,NE-Social-Studies-Standards_Final-Draft-Excel-Version_9c0a1d.xlsx,data/raw/NE/NE-Social-Studies-Standards_Final-Draft-Excel-Version_9c0a1d.xlsx,xlsx,13,8313,07d1772051f0f72ac0b0f2831104f43b6c966873c651255e071559d016f6637f,cf4c4c6a3563e9dad78e3f6a39c6008c3771620f987d2737bc7b4260a91f8033,ok
NV,NVAC_Sfor_Social_Studies_ea0a1df6ac_f3c271.pdf,data/raw/NV/NVAC_Sfor_Social_Studies_ea0a1df6ac_f3c271.pdf,pdf,48,12221,118c46c0bebb547c5ce3d361b76c2117e279cd2d403f1c124fddf25cf093a474,ae12261c9a6b9576cf752dc883c29ba4a450f7a971d508c601ef76d088421644,ok
NH,frameworks_4820bf.pdf,data/raw/NH/frameworks_4820bf.pdf,pdf,106,29222,9ec4653cffc0e28abbc8299f6b26586d9c569c1e5cc481a5cff72377c88d7172,386fe05eebcd6d5a45c191301e03da5f2d83213f87f2c2b526df66aa67c04cf4,ok
NJ,DiversityInclusionLaw_3d8620.pdf,data/raw/NJ/DiversityInclusionLaw_3d8620.pdf,pdf,1,205,778aab9fac1c33c932de528fc5f0969decd037e1f6f78d13048350a2195951c0,471bc05de3775cb1a12aa32f8fe2d331788770dbaf086a030e57803c3bb94700,ok
NJ,2020NJSLS-SS_by_Standard_f9e7b8.pdf,data/raw/NJ/2020NJSLS-SS_by_Standard_f9e7b8.pdf,pdf,97,30072,239775853c7188bb2fda8e47d93a7c2b6c08a4caee83e6e56e37bedb786a44ef,82089052e0af097a9650d39068b36212c3b62d24016725afd1fd9b96e4d72caf,ok
NJ,2020NJSLS-SS_by_GradeBand_f31ad8.pdf,data/raw/NJ/2020NJSLS-SS_by_GradeBand_f31ad8.pdf,pdf,99,33820,a68519b94bd6aa8eea5ba11088e114bf43a24e134f5f51e2c223c74e853ec606,14a4503af6c22c0479657a668952b4221f238baee51e6f95599c4b0293767343,ok
NJ,2020NJSLS-SS_GradesK-2_5fcaec.pdf,data/raw/NJ/2020NJSLS-SS_GradesK-2_5fcaec.pdf,pdf,24,8034,aa9008d1884ae47dd66c6af74205a159db451016f09249ed30533a74df67115b,c7be0812aafd183c7602efebf6c478874ce83238fa04acf8fa58b2b59ebd1d22,ok
NJ,2020NJSLS-SS_Grades3-5_561b5a.pdf,data/raw/NJ/2020NJSLS-SS_Grades3-5_561b5a.pdf,pdf,29,9621,08f4dfbef9f402d12efa11403d043f09d1d84fce0f8059aa0d1650694a486c54,9fed3ff7f0cbe21292b51d1980f62bca5b940984595b10e141469edb9bd293dc,ok
NJ,2020NJSLS-SS_Grades6-8_74ea7e.pdf,data/raw/NJ/2020NJSLS-SS_Grades6-8_74ea7e.pdf,pdf,31,10927,9828223b89bc487887e5eefc1fd9dfd439ea55ff5cc58ac522b75f05c0eb38f6,bc1df133a95dc78a9eb5a4f1a6053156f7104101128dcfe214fae21d8300ab43,ok
NJ,2020NJSLS-SS_Grades9-12_baf253.pdf,data/raw/NJ/2020NJSLS-SS_Grades9-12_baf253.pdf,pdf,51,18672,1fde019da2f99d6cc0b473edc9f212cf1f1ce181b6d1bf38c93ad7ec5dcc1418,4de544b0fc0b43061dffce28f36c2bb2364cd647f7500911ecd0b3a6c228a60e,ok
NJ,WIDA-ELD-Standards-Framework-2020-Edition-Kindergarten_e523c5.pdf,data/raw/NJ/WIDA-ELD-Standards-Framework-2020-Edition-Kindergarten_e523c5.pdf,pdf,48,11491,d965d60872b4a474e65722d92c207bf91d56aaa356e4e5472ec92a965d3fe921,c4cd1b48115386821dec15e9fb2c2ad6e3992584f70e027db07dfe7b3592d5a0,ok
NJ,WIDA-ELD-Standards-Framework-2020-Edition-Grade-1_fdde08.pdf,data/raw/NJ/WIDA-ELD-Standards-Framework-2020-Edition-Grade-1_fdde08.pdf,pdf,50,12870,c46611e253abdba685a448dbc4ef2fd1c042b3f3301bf918bfa57781f3398e14,9ddb9e5a6869701547540fb5f6e67412d658df5b33dae6c446bd66c27612e978,ok
NJ,WIDA-ELD-Standards-Framework-2020-Edition-Grades-2-3_bb77e4.pdf,data/raw/NJ/WIDA-ELD-Standards-Framework-2020-Edition-Grades-2-3_bb77e4.pdf,pdf,50,13485,40a6271f0d9fe890861512d5c5c042397b03f0a2573fe2a831021d614ead595e,4464965e749d87f8b7894c9cf32e8b2885696251b0349bdb3294fd36a8b8b09f,ok
NJ,WIDA-ELD-Standards-Framework-2020-Edition-Grades-4-5_a604de.pdf,data/raw/NJ/WIDA-ELD-Standards-Framework-2020-Edition-Grades-4-5_a604de.pdf,pdf,62,15787,0826caafdd6315e0f2bac2cecb828bc5edc4c0fc610f6bae9e57357c4913ef61,2e8d9c5c97867340aa2dc233a1b0169b2dc11de32ba6eacdadf550ff8e5c31c2,ok
NJ,WIDA-ELD-Standards-Framework-2020-Edition-Grades-6-8_68b9b7.pdf,data/raw/NJ/WIDA-ELD-Standards-Framework-2020-Edition-Grades-6-8_68b9b7.pdf,pdf,66,16729,da0076b4ec34c7f3d67f0b4953fc2dd994d0100c44a66b8d8872506c364e8bdc,ec59f2677ed97a965d9a0843e9bf33ad5536ba4bbe628e1b28caa6b86238b123,ok
NJ,WIDA-ELD-Standards-Framework-2020-Edition-Grades-9-12_8685d8.pdf,data/raw/NJ/WIDA-ELD-Standards-Framework-2020-Edition-Grades-9-12_8685d8.pdf,pdf,66,16822,80cac8cd3be3f73b06af2c4fc229a6a48cbba110ae7f05a8f1639dd7d81721ad,ff6ac0058149504363b0f0bdc363504cc896209ade16ab170ca0426bdc450a56,ok
ND,Rev7_2023.11.30_Social_Studies_Content_Standards_2e5e84.pdf,data/raw/ND/Rev7_2023.11.30_Social_Studies_Content_Standards_2e5e84.pdf,pdf,70,18693,14db21408330f9e3b702ebce9cd1d87c7d71c6e9973115c9ed3dc51a65841a34,0b25365e70065d67047025af3a01f30ea14f4dd368b5fc2394882678f3359b7b,ok
OK,Final_2025_SS_OAS_fc721b.pdf,data/raw/OK/Final_2025_SS_OAS_fc721b.pdf,pdf,179,58328,f1fc4a7f6ba35edbda429f1ef073a38ba02c40564a7037692285e39018d34a3b,b820a2c2304029b91eb190a114fe6b7c8cb91df2cdf943c95df2939a77426cbc,ok
OR,Final2024SocialScienceStandardsACCESSIBLE_3b6075.pdf,data/raw/OR/Final2024SocialScienceStandardsACCESSIBLE_3b6075.pdf,pdf,89,22907,bae979ccd44eb40dacc540e34b15566c33b572e7eb30d0be48c43d8246a4478f,026934a6fec193ac576e548dbf695c37f89e9184984cdc86cf3a76df73608f74,ok
PA,arts_456012.pdf,data/raw/PA/arts_456012.pdf,pdf,15,4553,4a7f27bd6c920a22d9a52a83a4a83d8a840de6462f19bdae2c1e804d8285e0a6,868f4ba5dd6f846c076ed2e11a3ecfd012ca234a20f1e4ee410c5651dc2d8f84,ok
PA,career_education_and_work_standards_appendix_e-1__a86a77.pdf,data/raw/PA/career_education_and_work_standards_appendix_e-1__a86a77.pdf,pdf,8,1680,e99a98e963f84193f54f40064240444876bf4d378e2d81fb5fca34b4077569c8,8704ef7a67fa366d7df44a7b5ed000ee28e38a66d3ad94ee601520154bc5a1ab,ok
PA,civicsandgovernment_125f29.pdf,data/raw/PA/civicsandgovernment_125f29.pdf,pdf,21,5685,0a1d33c6970e5ec3ff89b58576fb8bc5c7fdfc7037743d04bb431e359851f5e6,38bb450930bfd6cb185664fd086d1b11201d7c42afd6c5da5b296216891b1f3c,ok
PA,economics_standards_appendix_c-1__99ce1c.pdf,data/raw/PA/economics_standards_appendix_c-1__99ce1c.pdf,pdf,9,2107,a421e969cf6ce1c009aeaebfdcd3445f27c9b96262168379ebb669dcc3fe15f8,edae3bc46faf9dca50cc5a3c6580806c7beaf09a3c6133a1f36ca3349e8dafa1,ok
PA,geography_cd6697.pdf,data/raw/PA/geography_cd6697.pdf,pdf,24,7302,0a32d98e612813bd64e75ecd59c9b19ac392bb3aaf91dffad8d74308a214f50d,9ce66cb51009b6fd7817cfe48e827df69fddcd89df593471d6484619f4828a9c,ok
PA,e_history_web03_3aa68b.pdf,data/raw/PA/e_history_web03_3aa68b.pdf,pdf,18,6079,0148f21ddf77c473e7e8c6c4e02dacee8e97da5657d44388a7b6cb0a397da9ff,ed920c46a6188e6ce167fbfe5120ebe6b3efdfc3b6adb5f7185789c4e1d0b6e1,ok
PA,personal_finance_standards_d1e49c.pdf,data/raw/PA/personal_finance_standards_d1e49c.pdf,pdf,14,3159,319e0ccf69f03bf36b4289483b2b338e735c3878e3c230e16c97a90723b6d202,478ee48cb98d4bb17ec5977d33fca420575d7cd8673433ec4ae76d3212c4d0c6,ok
PA,pa_common_core_-_appendix_c_41d4b5.pdf,data/raw/PA/pa_common_core_-_appendix_c_41d4b5.pdf,pdf,13,3327,f6f825df18df13914eb54185f604431dd9e2e918b32b8d175f47c35a60e57b37,27e118ae21db3b35a970de85046970a633ad2f6e3b85299a56d982ef19e0b6b7,ok
PA,pennsylvania_technology_and_engineering_standards_-_grades_6-12_a7e0c9.pdf,data/raw/PA/pennsylvania_technology_and_engineering_standards_-_grades_6-12_a7e0c9.pdf,pdf,5,1404,f0c57e4d3bf3527376ce369505cdb7ff463b096c18b9370051b08c01d1df05ee,8f7b7b9098187f2416949de3d68937a0ad180c52242be6115926014bcb5c2bd9,ok
RI,RhodeIsland_SocialStudiesStandards_FULL_4c95f6.pdf,data/raw/RI/RhodeIsland_SocialStudiesStandards_FULL_4c95f6.pdf,pdf,367,80505,2a16eaf707130efd4190931e2b23582560e843471e8b9950fc2e3b72550c6d50,ff8aaaeacc864d8d6a30bd84780fea91c64532d0d1f0756c1d651f554a266579,ok
SD,SS-Standards-2023_4fe370.pdf,data/raw/SD/SS-Standards-2023_4fe370.pdf,pdf,179,45613,852270b9cf869772d9dc9bb2a0213dad7501dbd1c03e5d08ff3612b15622bbcd,20fd4aab175a9ed23c94fa1708c40e5f9bb8e5441695fd1d0d684a75188ac159,ok
SD,SS-Standards-2015_dd8f10.pdf,data/raw/SD/SS-Standards-2015_dd8f10.pdf,pdf,44,11113,a47f4002676a9cb76a4237e82e4d6aeaba09f7517577aa34c4849efac826bdbb,d444c8ae307d5a684a462a9fb2899f2f8a0dab5603a1b90d51d5cb51bcf27aa4,ok
TN,TN_Academic_Social_Studies_Standards_25_0162ee.pdf,data/raw/TN/TN_Academic_Social_Studies_Standards_25_0162ee.pdf,pdf,269,51930,f62fd21f6a1854e48d9dc3b07c90b4607a95a23efeaa7edfb53595c19e297100,a5554fd01611a2816a002e3f1c000c99da062abcf5d8419b0f352824e421c6d7,ok
TX,ch113d_ba9f10.pdf,data/raw/TX/ch113d_ba9f10.pdf,pdf,7,2998,c818c85ea99a57901147f3ae9dca8180e4bd86d19a515a3cece48a8745f96ac0,3cd342073441a65c956e5f5a5bc1132a6e7595cffb5f98067e0de116bafee2f5,ok
UT,UtahSocialStudiesK-6StandardsImplementationTimeline_2023_-_2025_ADA_Compliant_895be2.pdf,data/raw/UT/UtahSocialStudiesK-6StandardsImplementationTimeline_2023_-_2025_ADA_Compliant_895be2.pdf,pdf,5,1147,2d7c430b198058b36f5f787b33dee9f5ce6f25c7df89298d40ce78a26bcc93ef,036f08e7eea66964ec915c474a24c6fc0addf7e84f4cc1da8475e1e4325b73a3,ok
VT,c3-framework-for-social-studies-rev0617_3db023.pdf,data/raw/VT/c3-framework-for-social-studies-rev0617_3db023.pdf,pdf,114,53414,8239d89be5326998f3ad2a8592a76ce9fc3ee6a37654c7fa09a4da341c712c38,e433a4013a76964b672ec3b2628607e065aacfb57fef80dce9c553c3330d6d54,ok
VT,c3-framework-for-social-studies-rev0617.2_c633fc.pdf,data/raw/VT/c3-framework-for-social-studies-rev0617.2_c633fc.pdf,pdf,114,53415,0a402ba43e6802021fbe872d996c078da2b81ed613e38f0867b596cbb5c0c78e,f591f16ac5e39889c099d3dba14cf11666bd3e6c2424af7fa51cc550356ea03c,ok
WA,ospi_socstudies_standards_2019_7b61b4.pdf,data/raw/WA/ospi_socstudies_standards_2019_7b61b4.pdf,pdf,119,36555,79453b137334441ba39f65fc3feeaa6e8b09d8cee9f0d1ea0e734f5a2c8d187b,2acb692115ac279ab5cab576a6082087fe97cbe44e2cfa23a1b411136be7df99,ok
WA,OSPI_SocStudies_Standards_MASTER_09-16-2019_DigitalVersion_6fc627.docx,data/raw/WA/OSPI_SocStudies_Standards_MASTER_09-16-2019_DigitalVersion_6fc627.docx,docx,,31081,465809ddfd45389b1151b552b19f8e279470474bc95ab542636d370c2006e3ce,8aeb38337ed40b546971062685de793961aac82c5a8bc44d196aa84b25a0f61d,ok
WA,ss-standards-2019_grades-k-5_ss-skills_05c669.pdf,data/raw/WA/ss-standards-2019_grades-k-5_ss-skills_05c669.pdf,pdf,9,3001,c7c306df092a23d20c74d1fc6269bf793b87a84e37b4d13e49d69b56985300a1,c8e6d5a14f1ad97fd15a7fdb55bbadd2d9799f67146052af32d0b1014b37e632,ok
WA,ss-standards-2019_grades-k-5_civics_fadaa9.pdf,data/raw/WA/ss-standards-2019_grades-k-5_civics_fadaa9.pdf,pdf,12,3336,717c27100273285bd9ca8d5b13471cd9f172623d639410afdb5988702b745a85,f8ae8f6fa39ae5caf44c452a1813644f4c5f6f24728e1f92131775ba4212cf5a,ok
WA,ss-standards-2019_grades-k-5_economics_190cbd.pdf,data/raw/WA/ss-standards-2019_grades-k-5_economics_190cbd.pdf,pdf,9,2649,0575854c21aa0162f3af24355b8b2e3ecd07645e331734f34d524d47009eb354,4c4adfe867153bc0d0712553ed0f5325416cfc20da3d5b488c03a949d54598d3,ok
WA,ss-standards-2019_grades-k-5_geography_36710b.pdf,data/raw/WA/ss-standards-2019_grades-k-5_geography_36710b.pdf,pdf,7,2448,fd203d222c09d8c4ccf7ed761ac4475f2f84db2cb466eb074335158148935ed5,a0c2fdc55af249a1a2448e51c0ea69ff57eec4686b9b850e245e06fc7a3d1f52,ok
WA,ss-standards-2019_grades-k-5_history_01902e.pdf,data/raw/WA/ss-standards-2019_grades-k-5_history_01902e.pdf,pdf,9,3015,6cb873900920c54d00dc66757e5367a2422a1586ab5a9d3871544b9f34367b91,a0336010b62ff127feab008c0b483093ed2797d1a8ec3f8ed615c7065055330e,ok
WA,ss-standards-2019_grades-6-8_ss-skills_28854b.pdf,data/raw/WA/ss-standards-2019_grades-6-8_ss-skills_28854b.pdf,pdf,4,1013,21929a3df9fa126eeb2bf05b6364fb31659a60ffee6a6a7e27b7c7b2695685ea,d3f50b4658e2c2169b40189b2726bf93ddac6b12d546a365a58d26fc6da199ac,ok
WA,ss-standards-2019_grades-6-8_civics_de7415.pdf,data/raw/WA/ss-standards-2019_grades-6-8_civics_de7415.pdf,pdf,6,1617,30d5cd654ffc11b86796c2238636437353571c342192c8371c983684f5a61aa1,f3f83af98d711cc471df57ff1162c98c38a503c4059c4e88ea8e923316af465b,ok
WA,ss-standards-2019_grades-6-8_economics_b7b91f.pdf,data/raw/WA/ss-standards-2019_grades-6-8_economics_b7b91f.pdf,pdf,4,1550,35e72fad28862f7ab245fd1bc611493251315dd2c3e9e46e144c26ae6181eef5,6c231b631f6f62ddadb5f47fe705201abd0d9d9b912f544571a75d0687185531,ok
WA,ss-standards-2019_grades-6-8_geography_503913.pdf,data/raw/WA/ss-standards-2019_grades-6-8_geography_503913.pdf,pdf,3,1092,4c6cbf0b15358f793ea0b471e140197231f4910848e2340707a0be1d966077c3,24f7a95957e7c1baa29c8401f288714b1b9fbd111a024898c0ce6bbbfe84f0c3,ok
WA,ss-standards-2019_grades-6-8_history_95efe9.pdf,data/raw/WA/ss-standards-2019_grades-6-8_history_95efe9.pdf,pdf,5,1708,9ba05ec0fb5ea353d2177b9a26888e8267f62f4f1774fe64b013b882758a7b67,7d1048d1992ce7fb54614cbe7f701b0ffca8bcccb29b071238bb850ca57c453a,ok
WA,ss-standards-2019_grades-9-12_ss-skills_fa8f97.pdf,data/raw/WA/ss-standards-2019_grades-9-12_ss-skills_fa8f97.pdf,pdf,4,1271,e2aec0b90150a6132dea22f02345b21c5c6726dc5715bc99e2f12cb0bdd6135c,440e615bae2d5e32a7ea8d6b33e5932175b8f365971c7ff21f6d1f3209551979,ok
WA,ss-standards-2019_grades-9-12_civics_989aac.pdf,data/raw/WA/ss-standards-2019_grades-9-12_civics_989aac.pdf,pdf,4,1622,c142d8899517d5650d9a88f67eb9eed8a71fe5338fa01cedbe64d2a39fc1da55,9c01b20cf022d9d2aef89ae56471d65f4a6c00a179679a160782566d43af5d17,ok
WA,ss-standards-2019_grades-9-12_economics_3599cd.pdf,data/raw/WA/ss-standards-2019_grades-9-12_economics_3599cd.pdf,pdf,5,1690,dfd9b2d35e4f955abdb1b2f5ebff4d8591648aeeefc1066c5583efcbc5cc67b1,ac3dbf8999710c0725aa26e51cca8c6545e0ad5b963335474c6ae6e6c3a0d5b5,ok
WA,ss-standards-2019_grades-9-12_geography_8f718e.pdf,data/raw/WA/ss-standards-2019_grades-9-12_geography_8f718e.pdf,pdf,4,1340,f86fb8de22429ca9802d5e5e36a24179d29297a11bb7d9843cbea4e6fe2fc29e,63deca2183bddc136d6028a77a43233c251f3419e1f162fc753fc9c784af99f5,ok
WA,ss-standards-2019_grades-9-12_history_d2956d.pdf,data/raw/WA/ss-standards-2019_grades-9-12_history_d2956d.pdf,pdf,6,1566,b05591ef93d927696a7b5010ebce70cd0a61f363ddc1d3e06d2d7db0fa2dac92,eb0a3eb657cfd91ccceb39c7e9d1b1fb89e274a9df297d20ee970ae59089b95d,ok
WA,SocialStudiesScopeandSequence2020Web_dd2e73.pdf,data/raw/WA/SocialStudiesScopeandSequence2020Web_dd2e73.pdf,pdf,1,338,c81d196c01971569d89a500b130a174cbdde4d1baa418c6d06d28dd818fa6798,296227e0e93bfd7bb9bca3496278cc0cc5a1f07b563a294d9e3487c908a5f4d6,ok
WV,readfile_0b6b00.pdf,data/raw/WV/readfile_0b6b00.pdf,pdf,59,0,93e8d557959867a9abe7c6c4fd0d91e0d37cd37b767efb2b106f4bcad55052b8,e3b0c44298fc1c149afbf4c8996fb92427ae41e4649b934ca495991b7852b855,no-text (scanned? needs OCR)
WI,2018_WI_Social_Studies_Standards_99e337.pdf,data/raw/WI/2018_WI_Social_Studies_Standards_99e337.pdf,pdf,62,13169,81156aa9cffdc10c3dc7f1bcfac2b2b9e0fbe22323db3fac98b008d82dfa091e,87f94f3052efeccf63d30c77a8927ff36e9912c6ef58733c203b9eac52f217e6,ok
WI,Standards_Revision_and_Review_Process_Flow_Chart_final_Sept_2016_af2b9d.pdf,data/raw/WI/Standards_Revision_and_Review_Process_Flow_Chart_final_Sept_2016_af2b9d.pdf,pdf,1,147,114fab9d07d5d6da127af77fd9865ff2c049432788e1cb454ce8223fd578454c,92dd784e642526701626dda64dc425326cd229a71c402c560821e342bc3ae410,ok
WI,WMAS_for_Social_Studies_9f7a60.pdf,data/raw/WI/WMAS_for_Social_Studies_9f7a60.pdf,pdf,39,0,815b69d1719af02a2bd77a2a28ae0526d878c2afb52cb652738fd2d124957619,e3b0c44298fc1c149afbf4c8996fb92427ae41e4649b934ca495991b7852b855,no-text (scanned? needs OCR)
WI,voluntary-national-content-standards-2010_4ed1ed.pdf,data/raw/WI/voluntary-national-content-standards-2010_4ed1ed.pdf,pdf,58,24903,c0772f053997ad8224a0fabd73930309b420486c688d880512cb126e2bfc3a09,5c33036699acffd7a147c764acdcbd69f0766c2c8842c7debe6f611d072743ae,ok
WY,Social-Studies-Standards-20142018-additions_FINAL_f5341c.pdf,data/raw/WY/Social-Studies-Standards-20142018-additions_FINAL_f5341c.pdf,pdf,52,17925,3ac4f6abd104eae0ff7e0a0e7c32f5f17019fa4331b98d4e792ff468d3d37ba5,15e46604d8e7bc88c7a0236a4fad122b118579e342a763cf639b0467c6e7d21b,ok
AR,AR_African_American_History_Standards_2022_LS.pdf,data/raw/AR/AR_African_American_History_Standards_2022_LS.pdf,pdf,13,4262,a31d9b8a7ab59ac2c8c57fb86e8ae3d952c202fcfc54fe45ab3df2cc31db6731,7f93d1e4c58f6a2159515e240240367854282e7e3052ade6f368650d50907c80,ok
AR,AR_Civics_Standards_2022_LS.pdf,data/raw/AR/AR_Civics_Standards_2022_LS.pdf,pdf,14,3716,0bd05369801bed1b12197fc329c8bbcb7f4cdef9233ccb408434ef1ff45f99c1,6cb6c01dd138b5c37c8a3087d9cd1db31d6838c80ee50f8dbd680c64e474cdcd,ok
AR,AR_Economics_with_Personal_Finance_Standards_2022_LS.pdf,data/raw/AR/AR_Economics_with_Personal_Finance_Standards_2022_LS.pdf,pdf,16,4509,af09076e3d7fe455cbec9aa4f8e86aef71a3f346ee70e1f733c1405f7b018570,571d9af4e2f0dbc6ae0d908ef4ffa8559e11f95889aaed98c8670382a87d26d4,ok
AR,AR_Grade_7_Social_Studies_Standards_2022_LS.pdf,data/raw/AR/AR_Grade_7_Social_Studies_Standards_2022_LS.pdf,pdf,21,5659,a4c5d2244a581b0e141b1f448f0ee5d6273397c88788dd08683d342ed1cb7fb4,0454e8a818fd16a83aedd4ef6c8da3f9aab850125b57919ad2832dcb66430ee9,ok
AR,AR_Grade_8_Social_Studies_Standards_2022_LS.pdf,data/raw/AR/AR_Grade_8_Social_Studies_Standards_2022_LS.pdf,pdf,12,4097,9a79bde45c0010ac3005eda563fa3794f7eaf8f6ab93dfd735f3ec9d6771c72c,11e1c5b12e1e8d753e26ecdd0164d94cfce2ff75cb9bccd8708be15d6ae6bc0d,ok
AR,AR_Grades_5-6_Social_Studies_Standards_2022_LS.pdf,data/raw/AR/AR_Grades_5-6_Social_Studies_Standards_2022_LS.pdf,pdf,35,8828,ad4a0718ab4375a83e058a0aaac910bdf06b66942ee9454a441005f2a4e2844a,dbe616b036df8790fd3a06c08a70bf36f15e602f42c85d42231b4277ec11ddc0,ok
AR,AR_Grades_7-8_Arkansas_History_Standards_2022_LS.pdf,data/raw/AR/AR_Grades_7-8_Arkansas_History_Standards_2022_LS.pdf,pdf,17,4600,e6de7f7f003933341933e48408e490c584b43aa6f843f945a6dcbbb8da381af7,0785df4f2ca4c9c6fad37e6182f9b761f6cba8bc589f19273e5b4fa5e2f6766a,ok
AR,AR_Grades_9-12_Arkansas_History_Standards_2022_LS.pdf,data/raw/AR/AR_Grades_9-12_Arkansas_History_Standards_2022_LS.pdf,pdf,14,4486,eae18b03549b89dd0254997250bade2734138c712da32ba2fa4abcef62c0b62f,7caa689aaa8b621c95edb3506e161b7b3ee52358763791999d08daa30d31b0a9,ok
AR,AR_Grades_K-4_Social_Studies_Standards_2022_LS.pdf,data/raw/AR/AR_Grades_K-4_Social_Studies_Standards_2022_LS.pdf,pdf,27,8267,db8892f2dd31b60828c7cbce27703bbc69efcbf6436e53accd16ad69bb3189f5,1034d088af5ed385e6c4f2b49002f4b32140a47b3d737e5c79f28ffa9e48c89f,ok
AR,AR_Psychology_Standards_2022_LS.pdf,data/raw/AR/AR_Psychology_Standards_2022_LS.pdf,pdf,9,2887,c66e82523b54559788c6cba7de5d06c57592b3bdd3ec346fa9296f69f5f5f604,b0d30cf72a50b1d878a6f0907c06772fdaf6f518e715ae819d30069e24539378,ok
AR,AR_Sociology_Standards_2022_LS.pdf,data/raw/AR/AR_Sociology_Standards_2022_LS.pdf,pdf,9,2917,8ef75a33aa6eadc7aa9e863cbf30db353bac2266588cc77d1d02c5b5106533cf,330302e9c24b5e95c216e2096c8429c04baaa5778f2a5901e46234ce2fa5c7e1,ok
AR,AR_US_Government_Standards_2022_LS.pdf,data/raw/AR/AR_US_Government_Standards_2022_LS.pdf,pdf,13,3853,4785e45b001c3c3632e5bc6125537f6af652f92820e8cc2084b2e39d7b6b5542,45dfe7e56f82990b4628f2fa5fa7e7cfccb6c698ab03c9d83a27e58e968046db,ok
AR,AR_US_History_since_1929_Standards_2022_LS.pdf,data/raw/AR/AR_US_History_since_1929_Standards_2022_LS.pdf,pdf,12,4473,11f97159c8d32d02602127660856cc6c7db9e88abde8f621d612e4de8b396994,ac7b71b3a9963dcbc090bb0f3dac1e5ff9c20d9456523406b9163f5de13b440f,ok
AR,AR_World_Geography_Standards_2022_LS.pdf,data/raw/AR/AR_World_Geography_Standards_2022_LS.pdf,pdf,10,3443,5b596a61f9bf7b87288a819c68272fb66ee17ea3b97b92c5410b40963022ba60,e654962fef3bd5271a67064354b1923796141de4ff551443ee723c3dcc9f794a,ok
AR,AR_World_History_since_1450_Standards_2022_LS.pdf,data/raw/AR/AR_World_History_since_1450_Standards_2022_LS.pdf,pdf,12,3867,79fc7ff3f01232ac37030f2cd4fe6b4cb983ac91b63edacb99a0e4f03b717129,2ae43a86c4ed252e784a7927ab9bddb6547a0d71f24d1450c72a7173263685a0,ok
AZ,AZ 2018 History and Social Science Standards _Update8.23.19.pdf,data/raw/AZ/AZ 2018 History and Social Science Standards _Update8.23.19.pdf,pdf,53,20582,4db7662d7f6f67e191a8b7ec404c11cbcb6092687dc0719937f58246a1621908,82e97ab458bb71a14fd634eac9ce0d66b56d2a8eb096954704dd60cabc867400,ok
CA,CA_hssframeworkwhole_k-12.pdf,data/raw/CA/CA_hssframeworkwhole_k-12.pdf,pdf,855,272108,49bedb100bb28af00e4533b8360ce1e1e9d439dcfbd2788e06bc3f44719b9fa5,3c7798f932087aa7c593e2548c6420e8fd2b8a97a3362de541df4f63327af476,ok
DE,DE-K-12-Civics-Standards-2018.docx,data/raw/DE/DE-K-12-Civics-Standards-2018.docx,docx,,992,e887139ca56c1beceb23f4328a926a07b5bc1fc2f66c6d9ca29deb36ad766eff,39ec28e69ac119ab98fcac37b641fc60fa9ca6247ba8b8bb89417ec927322361,ok
DE,DE-K-12-Economics-Standards-2018.docx,data/raw/DE/DE-K-12-Economics-Standards-2018.docx,docx,,827,36fa0a8d5143a58527faef761fa0d71cae222e5433aa73da5619b4dcaf1de3c7,1a0d7db14cf11ae3dd3740c098e23bf421d57683d5e5da1f0f379c0efaebfb05,ok
DE,DE-K-12-Geography-Standards-2018.docx,data/raw/DE/DE-K-12-Geography-Standards-2018.docx,docx,,975,73474bfd67efce2e32e529b6411f8fb9edf481f0cc3323f2eec66d562f2753fa,41bc196a93ad860a254374a853f884ef714ff1b1f8e43a8fe8ffff75aaee1528,ok
DE,DE-K-12-History-Standards-2018.docx,data/raw/DE/DE-K-12-History-Standards-2018.docx,docx,,1159,04d6c5e02182128520ffbef1120c868f03334ac915b827a97c73caa55c777a5d,3c42ce2c6c95e86f698614f97d3ffb902458e81c1d7e2b200d7f2b59e1a98047,ok
FL,florida_k-12_social_studies.pdf,data/raw/FL/florida_k-12_social_studies.pdf,pdf,234,58902,fa94c69f4f5b08b82c33eca39273d6a4b83b7ea636fa28afe7cf42f2b067205c,d6c402ab1bb0ce20b5298a2c86c627d7ecebd07225ac40c1ae61784b2c3eedda,ok
GA,GA Social Studies K-12.pdf,data/raw/GA/GA Social Studies K-12.pdf,pdf,65,22072,6a3fcc2ccf1f23c9a9b8287f07fb28eb1c90814574244aed3660ebcb24ededf0,da3f6b468dec984cfd3e4c6b6ca5215df9b75c959f145f73ef0cc04f7012759e,ok
HI,HI HCPSIII_AmericanProblems.pdf,data/raw/HI/HI HCPSIII_AmericanProblems.pdf,pdf,5,1665,d07daf4cdfca616dd2f6c1c644c68c6c7e67aed6ddbc0a00b54ec38dfbd18280,a086c737a83b7b20d953f552c5fe4d899cffd0e877ea6b25d53bab04bb85c491,ok
HI,HI HCPSIII_CulturalAnthropology.pdf,data/raw/HI/HI HCPSIII_CulturalAnthropology.pdf,pdf,5,1598,383fde944ccba02a8888bacc47913d8e34dc44b4834a725dc81cb324291aaa89,9a45ded8b492b5bcff868131e115d89ca339dce4e3fceb1f3b484a5ced046e53,ok
HI,HI HCPSIII_Humanities.pdf,data/raw/HI/HI HCPSIII_Humanities.pdf,pdf,5,1518,006da29b19db814e7a99b98e48f6626ef473484e236c20ce9409729f03139a83,1623a868ad941ec13e18bcead54e2b04b7b497c6e4a3c1ee38d8067dbd254767,ok
HI,HI HCPSIII_PoliticalScience_Government.pdf,data/raw/HI/HI HCPSIII_PoliticalScience_Government.pdf,pdf,6,1852,50989bb264e09656afd6e51054f8df22075a4c73e0b7be952e6e75076a3e28dd,bb3b2355688f655df5f0909ff61e0ffd7faed21ba681d5d3358bebf101c83dc8,ok
HI,HI HCPSIII_Psychology.pdf,data/raw/HI/HI HCPSIII_Psychology.pdf,pdf,4,1211,0c03094ef4b84fe692a1cf4d98a211bc2ff1f5b7f46364b70a1d0ab61a569a94,1bf87ccda0996dc74d5d0a4458fb5ddf5059565bdfc35eb02f5fc43d2fbd856b,ok
HI,HI HCPSIII_Sociology.pdf,data/raw/HI/HI HCPSIII_Sociology.pdf,pdf,5,1613,b93a6243605d21e6726eb2aaffd77041d0b5d71ca7fbd3f3982f34d0341fc673,a35317eef3e6a1105ae6366845596b110569eb4b458b875d92ca66a498ba53f2,ok
HI,HI HCSSSDemocracy.pdf,data/raw/HI/HI HCSSSDemocracy.pdf,pdf,7,1287,7d6ef92c2d2760643f73a0e0e0bee191dd231420c77f61882eaefd208e4ef25a,d3c32e370d95f5599c942eb2747990695fb3f5c21762c58e473717d74cb2a98e,ok
KS,KS hgss-standards-benchmarks-and-appendices.pdf,data/raw/KS/KS hgss-standards-benchmarks-and-appendices.pdf,pdf,95,31467,fa565d2781f2b130ae4b601e345ea9d85d7419e383fe6a742ffd7b8927e873b4,ec2b8562c8ff6e98593432afec325ac2b7fe7a8139cb3816eeedb98f86dadfe1,ok
MN,MN k12 social science and studies 2021.pdf,data/raw/MN/MN k12 social science and studies 2021.pdf,pdf,110,25559,b83ff0bfadc6f4dab895f84b6003fe884287f3577d0a314bba49369ced560d0e,e37b46dee13d11bf10bd92eb5613a2b62dbd4c014bd14f35fb0d6e44aa5f66d4,ok
MO,curr-MO-standards-ss-6-12-sboe-2016_AOD.pdf,data/raw/MO/curr-MO-standards-ss-6-12-sboe-2016_AOD.pdf,pdf,42,16912,622928d82e77a113c1d44c41fa9aab5b7899e031ca82fb8673bc2e17287b7895,622f5b56e9b33f8a8102e1c605f13265f920c7f2724a02182696753f72b926db,ok
MO,curr-MO-standards-ss-k-5-sboe-2016_AOD.pdf,data/raw/MO/curr-MO-standards-ss-k-5-sboe-2016_AOD.pdf,pdf,19,7395,46068349694cf467ca29d529fde3060de46756ab2db717f414e09f01110617a0,58d85326e785cd98720e01252d6da24d6e9c44075341f898a51a4b42fe51c699,ok
MO,curr-mls-standards-ss-k-12-sboe-2016.xlsx,data/raw/MO/curr-mls-standards-ss-k-12-sboe-2016.xlsx,xlsx,2,29768,41d4bde558929478e93b7b8e2f9c88cddf7fdebc7a508710405ba087b4b826a9,87c880e06ff8c8e35cc8735d7bff21977957ba1aeb82c0109b3010296e8e9926,ok
MS,MS k12 social studies.pdf,data/raw/MS/MS k12 social studies.pdf,pdf,481,92294,bca3cf8ec295e12dacd39e8a55f467a37cdd0de1e8c4fdde07c7dedda26fc676,06026324d0464ee3eff321bc23b2c2dd21d6915401a86276bee649ac18a34421,ok
NC,NC 1st SS Standards - A.pdf,data/raw/NC/NC 1st SS Standards - A.pdf,pdf,5,1162,779be278b976b242afcb17c5f929c19e5f432cdca4129db77dd52b5332f77878,0bdb3e79214098f1b6a7ddd58f1ede58ddf6110a784f4e7b102841465ee19dc7,ok
NC,NC 2nd SS Standards - A.pdf,data/raw/NC/NC 2nd SS Standards - A.pdf,pdf,4,1030,e04fa5eb3951be082f12275f7082243c914cef844d22799921de86d843038eb9,89b4b6028cf3aaf332dbd819999abc163c2ef803eb25c10cd8c6dc2a4b87613c,ok
NC,NC 3rd SS Standards - A.pdf,data/raw/NC/NC 3rd SS Standards - A.pdf,pdf,5,1104,709c4548d3e7cb05cbda0dbae347a07ee540a764a94420064d6b4ba08fb49de3,1dd74f48575f26cd09329e31bd12beebf10af25da2d3e92d6a10f01dcf5d9528,ok
NC,NC 4th SS Standards - A.pdf,data/raw/NC/NC 4th SS Standards - A.pdf,pdf,5,1278,2ecb1a1486e2ea1779b58f3bc8264f5105de3d379d98d12146e28b31708acaf5,26b2cce35985b05c3686a0f77366ad113aff92b6a141953e5c760da33337e26a,ok
NC,NC 5th SS Standards - A.pdf,data/raw/NC/NC 5th SS Standards - A.pdf,pdf,6,1344,7f7989cd32de0b3613e33a08e5f67934b56f15e86429acde4a67cc55545c1a52,9323e37084e2c4b8397771f13c4bb2089fdc60470a23ba397cceff43c1462b57,ok
NC,NC 6th SS Standards - A.pdf,data/raw/NC/NC 6th SS Standards - A.pdf,pdf,5,1222,efcfcb9c46e50af571ac253845886d84e78ac3e7bcbee813f5d6082c227d90c8,422a9c5104dd17f298f22bae497c2ad7004a8f67c72c5c4cf5fb16a8790266b5,ok
NC,NC 7th SS Standards - A.pdf,data/raw/NC/NC 7th SS Standards - A.pdf,pdf,5,1221,2b3a98beef69da908977619c420ba540652c4a564036d203184f24f562043f9f,8c0053379c613da0a20dc30376e5e42026761353667e56e672f1aa50a8dfc8aa,ok
NC,NC 8th SS Standards - A.pdf,data/raw/NC/NC 8th SS Standards - A.pdf,pdf,6,1469,2e572a9f0c6c63fb46a0042a000398f7196307ff1281269ed33e97480e31f644,d33321072ebdd7e8bb9aaf28005e50164be18dd942eaf7a5791967a844df957b,ok
NC,NC American History SS Standards - A.pdf,data/raw/NC/NC American History SS Standards - A.pdf,pdf,8,1823,232e96bf8870dda670260d53bb773f54abac443febbbcac8270f46f597786ee7,3a4db6b27bfa3108d2f4f0b574122e9272ac9f28804bfab0f1222d171eb09bdf,ok
NC,NC Economics and Personal Finance SS Standards - A.pdf,data/raw/NC/NC Economics and Personal Finance SS Standards - A.pdf,pdf,6,1156,8590ef5e6fe7a2ff83370b69003396aedc8b356b379c899fee13b451766275ac,5c65afec7e5073e2f23c2d3a980b4d8315f7dbffada31e35b6b79d3573d68cf3,ok
NC,NC Founding Principles SS Standards - A.pdf,data/raw/NC/NC Founding Principles SS Standards - A.pdf,pdf,8,1898,67ea613dd57813f11e79d4c11b8a4385265d96052603ab49d8025b13eed7edc0,74d5d35667860c321a1a10631ae6dd5507f3664be4c81c83bde0a2f6e9e31001,ok
NC,NC K SS Standards - A.pdf,data/raw/NC/NC K SS Standards - A.pdf,pdf,4,1047,75313b2850528b8e7c8020551199e939e78b1890f12acbf4425ac7f1e4b18b3d,cb519acdf58154818b831f4dab732ec697d38a76a173849fc8cd06347e331851,ok
NC,NC World History SS Standards - A.pdf,data/raw/NC/NC World History SS Standards - A.pdf,pdf,7,1684,298ce9e965be9ef3298d7d57b91eb754cb968e8482565c3156798e588d549c73,cf49fb651d60fc86bc74a5bc41bf07d10f8dfc508320d44848196db0ac1bc5c9,ok
NM,NM-Standards-508.pdf,data/raw/NM/NM-Standards-508.pdf,pdf,105,23730,7a43a430d942e29d10cea998494db8757889923aa646deb733927e265154729d,f0387248a13e90741aa614e076611a13751dd9675293af6042d6cce683ad13fd,ok
NY,NY ss-framework-k-8a2.pdf,data/raw/NY/NY ss-framework-k-8a2.pdf,pdf,110,38759,029c37e4eb45691d7ae724cd6e47e025ce3d4a2d442f61920a3de9960d927e14,f482f9e8ded3a0a5fc8ddeeeff70315095ef92528456e18c28cacee32ec27645,ok
NY,ny ss framework-9-12-with-2017-updates.pdf,data/raw/NY/ny ss framework-9-12-with-2017-updates.pdf,pdf,51,17852,39943bd4c5abf8d56021a326e5cd4db2f39e45d81ddc749a5843334270aea889,e692db3bfb7654421b6a8e739ea9b78778972df75588fb7e3b21cd2998b3bf17,ok
OH,Ohio-s-Learning-Standards-for-Social-Studies_01-2019 1st.pdf,data/raw/OH/Ohio-s-Learning-Standards-for-Social-Studies_01-2019 1st.pdf,pdf,47,13922,cc5ad09bb26f8d12bab37e5ed96b47ff28b73b554c8209e688017277b85e3fa5,7292f9eb4f06b15e9f99d3a65d275984e2560c5fb7029a5cd51444fdb2740747,ok
SC,SC 2019-SCSSCCR Standards-Final with appendices.pdf,data/raw/SC/SC 2019-SCSSCCR Standards-Final with appendices.pdf,pdf,168,46683,aa4939e73c354569f67ad814bfcd7381f0fc83b9dd771a3a1e41c92bf50b22b9,c15ee9b2a3529859f99ba3e965803d5b4d1829a23354d31c96f63984a7388792,ok
UT,UT FifthGrade SS.pdf,data/raw/UT/UT FifthGrade SS.pdf,pdf,13,3901,f773838ee8b8cc11fa68bb21f5e183f75b1ef0da3c83509ce51240d33e61c575,0cce3811ed31706c3dad1eb5961d918e62297f74b7f32cf2e403b09eb87f0296,ok
UT,UT FirstGrade SS.pdf,data/raw/UT/UT FirstGrade SS.pdf,pdf,10,2948,04a7c4191d3cf46857c9d3a7c0270b08857594fa5af69c8214eaa533a8ea21c9,f498e637f0ba22d4f3986a5e3f90c5bb0dd79a1af070f1dddd12e011ec9f1af6,ok
UT,UT FourthGrade SS.pdf,data/raw/UT/UT FourthGrade SS.pdf,pdf,13,3946,9b700bc422f51b74f6404dad241e8068132fb642850a3ba04d4e790a29f95b76,8a92abb17fb55b18cfc49f4d17b5e3a0db7ac49391d363f22ffc8fe017505312,ok
UT,UT Kindergarten SS.pdf,data/raw/UT/UT Kindergarten SS.pdf,pdf,10,2851,03452fe43ad87aab1d00d90e583b604ba728c0e33d8f00fc643b4769f993ca4d,5ba5fa23eb5462b4e3eead9dc1ee53c96940404350a14f11f4146f93bcff1921,ok
UT,UT SecondGrade SS.pdf,data/raw/UT/UT SecondGrade SS.pdf,pdf,11,3229,bf332547f9c46e60e086be1c1db56f152ee0210ae72ef1c9e19469c5db891764,47e00424eee0115e070cbfb64f46f5eb15c85a6bf06780657779c3abd949b697,ok
UT,UT SixthGrade SS.pdf,data/raw/UT/UT SixthGrade SS.pdf,pdf,12,3440,880a4d34c91238a5553feef72a1b52f5e58bdf513e02d551b67b0553f340eba3,81ee47248b9786ea418511e65de1952d429c6864deb99dbe597aa6be1dd161d1,ok
UT,UT ThirdGrade SS.pdf,data/raw/UT/UT ThirdGrade SS.pdf,pdf,11,3283,aec6afe56140beb1f89cdb8faaf921f269c730748a01651704d59a706086d70b,96ae8e75e73d0f86806166985c1e792894db497f0b831c50c8a93dd21a418f4c,ok
UT,UT USGovernment SS highschool.pdf,data/raw/UT/UT USGovernment SS highschool.pdf,pdf,6,2018,6b070eac13f8a19d09027731abb3f39ffcebd5d31b04fe7af3836267abec4295,0e77116ce252a1f35a77979a402a53d8aade0e0afafa5ce4208d97421563bfc9,ok
UT,UT USHistory1 SS highschool.pdf,data/raw/UT/UT USHistory1 SS highschool.pdf,pdf,8,3088,b7826cea36cf29a843656704b7e4814cefa358b2a97652a73c6840392b02d914,b49929fd892f2177664706aeaac8ee678befc55c949b45fcaec7220ef29b85e2,ok
UT,UT USHistory2 SS highschool.pdf,data/raw/UT/UT USHistory2 SS highschool.pdf,pdf,10,3573,360271c79eb342deb59b49bce2803a0dac65a585ce6db7e9e9ca39a7ba08b4b5,3153b384412eca7264c78ef3fe64fc5a7531d8507e8375ec2650ee87a6385c44,ok
UT,UT UtahStudies SS highschool.pdf,data/raw/UT/UT UtahStudies SS highschool.pdf,pdf,8,2890,6e27d84952a186bc52d50347def88260bb7211d2ab46e3ff52c88f1e802f07f2,7f1dcd293880db01ac8aea5b8cc63bf268178a09da9c93066827a3c1979ec072,ok
UT,UT WorldGeography SS highschool.pdf,data/raw/UT/UT WorldGeography SS highschool.pdf,pdf,6,1967,5e9b0a6e7cc7fcf9c7295ea04296f5a0eaec38d21d3f95b1f008503454a7dbaf,93ef41407be9173b6aac22f0f60d7145f951f264d43934453f444933977156b2,ok
UT,UT WorldHistory SS highschool.pdf,data/raw/UT/UT WorldHistory SS highschool.pdf,pdf,9,3400,0be23dc651fdd7a9985382079f1c39fe0a7daf8e43a7256c40cbf37fb4583b31,1ce166ddb38a3b67518642e0834ff5163a628d423a1da5001daee4bd93094f11,ok
VA,VA 2023 HSS SOL FINAL 03.11.25.docx,data/raw/VA/VA 2023 HSS SOL FINAL 03.11.25.docx,docx,,23265,b4caf1d7871f033db534476743add8935a6a3bb169cc1e895db8b4d5240152d0,2696c0a55c1ede056a0e66a052e23c7b7f58b8726bb4d56963906e011acfb4c6,ok
CO,ColoradoAcademicStandards-SocialStudiesStandardsP-12adopted2022_1.pdf,data/raw/CO/ColoradoAcademicStandards-SocialStudiesStandardsP-12adopted2022_1.pdf,pdf,145,47869,be2570b3fcd5f347a86be22dd97f942876106f33cce2435d768409eed7865b67,6dc7dc73431a7cc764d48dfedb3211425a75341db5fb147f9eb99280103b7617,ok
HI,HI FilipinoHistoryCultureCourseStandards.pdf,data/raw/HI/HI FilipinoHistoryCultureCourseStandards.pdf,pdf,9,1534,adfa0ded808e6105f4d67e5e71326b672c3f7bbdf830dccfe84a73b6165b9fe6,d5f73246d3950329014356e79321c0f77b6c6d4cfa5ae44bbd0edd3eae6c5f87,ok
HI,HI HCPSIII_AsianStudies.pdf,data/raw/HI/HI HCPSIII_AsianStudies.pdf,pdf,5,1572,a8a2a41304478dfeca89f5dbdcd2715ac48bfe21af2f9b76cf6b845c33978429,c725784dc4649e4674ddf9e5aa2607d8ef27227e1aa64fa224f8134acb2d69e1,ok
HI,HI HCPSIII_Economics.pdf,data/raw/HI/HI HCPSIII_Economics.pdf,pdf,6,2150,e83ab28877d4c783440ecbe3842ccb0a19472a702cc7ae409bd08f4888c0aebf,6a8e2aa8a50b5a377f91a915a51ed26a0cd5f107f3ff5f736d048fb6df131761,ok
HI,HI HCPSIII_EuropeanStudies.pdf,data/raw/HI/HI HCPSIII_EuropeanStudies.pdf,pdf,5,1601,61ec0c3b37cd823ed06b549150d6c2fea074a17b23a6697a3ee98df0bef37fd3,687a8d03b612bf3e2517d074106a7552520bef225c769b8b7dc14a85221a7844,ok
HI,HI HCPSIII_Geography.pdf,data/raw/HI/HI HCPSIII_Geography.pdf,pdf,5,1464,0609ea96ee9efada52014da2d358bfddd59cae4db8b800e4706c842e60c5845b,3cb15ec932f6235c358ec6cb1ae62c3ce56fd97a38422aa33591a5a8e18006e0,ok
HI,HI HCPSIII_GlobalStudies.pdf,data/raw/HI/HI HCPSIII_GlobalStudies.pdf,pdf,5,1404,6b228c5e707ac37f346ecdcefb86323a16d3d5adc2c5b011ad503dbad4cff068,82d051c308e78e6812f320fcabddf7b46387fd307b41ee7e60760fd4e06a1113,ok
HI,HI HCSSSHawaiianKingdom.pdf,data/raw/HI/HI HCSSSHawaiianKingdom.pdf,pdf,6,1156,17530ea932903acec93a98035376fadcc2f54232c0947e6e30bb5a8c4b14ece4,7ac9545d5828d21e6321a8fe04d6ead20b0ea62df8aeac33fc10656ac25e1f87,ok
HI,HI HCSSSModernHistoryHawaii.pdf,data/raw/HI/HI HCSSSModernHistoryHawaii.pdf,pdf,6,1257,2bdc31688fc5924e931fdfb444cc5f132ce4c21baeecc9bddff702ec1659a619,5a9646653d21ed9be9020604fd595acf1a1a0fc3ebac2abc9524b79af5eb38b1,ok
HI,HI HCSSSPacificIslandStudies.pdf,data/raw/HI/HI HCSSSPacificIslandStudies.pdf,pdf,5,1071,505fa35f0529271b005535016147cec95ef93784a525fe0a7a3811c67429ef30,51ad02ba90026e5845619c0617bbe125a852188fa22e18cd827f1458a435ac15,ok
HI,HI HCSSSUSHistoryGovernment.pdf,data/raw/HI/HI HCSSSUSHistoryGovernment.pdf,pdf,15,2830,5b515616b1859929b8579690eba206ab32891c726da2db653b74cf0e9afbf08d,c61c9d619fe5627a433a943229ed7743f4ba4ffa882777ba011f3be66bba5356,ok
HI,HI HCSSSWorldHistoryCulture.pdf,data/raw/HI/HI HCSSSWorldHistoryCulture.pdf,pdf,10,2253,7a3d3fd039ba4954ae6c2a7302e372d46032f63a97bcc5309330c8d0fa57248e,32a0b7b905c26ae755acfa3eb507a84265330b00eb8804a736751048027d1660,ok
HI,HI HCSSSgr1.pdf,data/raw/HI/HI HCSSSgr1.pdf,pdf,5,1123,e6219923e9a357da44c275ef08db7015ba4800a6de1e349d4fc36bd8fcb14b15,1ba9de3deb13c206b9decfd579407a693cfb62abec2f5c945998b710ad75fcb1,ok
HI,HI HCSSSgr2.pdf,data/raw/HI/HI HCSSSgr2.pdf,pdf,5,1170,456443d0551956502b03ac065f7dc84ffa5183c991f829c3651a5d9360393fab,8962c71eb9e07d9ef26c88a63176fdf38f0ae54a55468a2e5b3cf998ee45f722,ok
HI,HI HCSSSgr3.pdf,data/raw/HI/HI HCSSSgr3.pdf,pdf,6,1284,a8096aeb06e9952be8a04382e8173387aff4f911d26494ce2d576025f54bf6a6,1f7a7a47c0adc0a206c69e69e1b7a5f6eec0dd57948aa1d10b1a0ef5e812a229,ok
HI,HI HCSSSgr4.pdf,data/raw/HI/HI HCSSSgr4.pdf,pdf,10,1728,d0a0b31eb0475bc3e34c94c19ffbb8a93f42d39b1ca693f1ae628b0361705c40,c861227b77b966553b111c8d4bc49c5d4e3ccdf32e148145afb64e5d8ff1db31,ok
HI,HI HCSSSgr5.pdf,data/raw/HI/HI HCSSSgr5.pdf,pdf,9,1701,8ffb0137ac26112f8611fb58fd1edb9fb1a6696dcdf2c282e77477b903e1d4a8,01615ca4c9f45ba853d5f02c1efcbc255dbc567b83b87ef7c448caf90f379291,ok
HI,HI HCSSSgr6WorldHist.pdf,data/raw/HI/HI HCSSSgr6WorldHist.pdf,pdf,10,2117,f7f17e1f5401317d8722e665c023ef22d15de5f884265eddda7b3d13d7ceb922,d04e244936e3e89e713751b28654f3e16affd48acfdb8bd50883ddd3037d19be,ok
HI,HI HCSSSgr8USHist.pdf,data/raw/HI/HI HCSSSgr8USHist.pdf,pdf,10,1695,70d3d71b8016121f7fe63b89556402dda2e744192638bd3a1223b26f4019a65b,391cc8a5f74ac9b81f6c0242a002989ca5088ccccdbc9c649aeb70f0e3630e78,ok
HI,HI HCSSSgrK.pdf,data/raw/HI/HI HCSSSgrK.pdf,pdf,4,855,1947e972bffc2ab139e2ac32d454f5ff68b2fcdaeb99db5478e47bb0cf07688c,857596281152ab555e70054273e8bd0fa5a77620b550e689db35476bf6fb367d,ok
OH,Ohio-s-Learning-Standards-for-Social-Studies_01-2019 2nd.pdf,data/raw/OH/Ohio-s-Learning-Standards-for-Social-Studies_01-2019 2nd.pdf,pdf,47,13922,cc5ad09bb26f8d12bab37e5ed96b47ff28b73b554c8209e688017277b85e3fa5,7292f9eb4f06b15e9f99d3a65d275984e2560c5fb7029a5cd51444fdb2740747,ok
OH,Ohio-s-Learning-Standards-for-Social-Studies_01-2019 3rd.pdf,data/raw/OH/Ohio-s-Learning-Standards-for-Social-Studies_01-2019 3rd.pdf,pdf,47,13922,cc5ad09bb26f8d12bab37e5ed96b47ff28b73b554c8209e688017277b85e3fa5,7292f9eb4f06b15e9f99d3a65d275984e2560c5fb7029a5cd51444fdb2740747,ok
OH,Ohio-s-Learning-Standards-for-Social-Studies_01-2019 4th.pdf,data/raw/OH/Ohio-s-Learning-Standards-for-Social-Studies_01-2019 4th.pdf,pdf,47,13922,cc5ad09bb26f8d12bab37e5ed96b47ff28b73b554c8209e688017277b85e3fa5,7292f9eb4f06b15e9f99d3a65d275984e2560c5fb7029a5cd51444fdb2740747,ok
OH,Ohio-s-Learning-Standards-for-Social-Studies_01-2019 5th.pdf,data/raw/OH/Ohio-s-Learning-Standards-for-Social-Studies_01-2019 5th.pdf,pdf,47,13922,cc5ad09bb26f8d12bab37e5ed96b47ff28b73b554c8209e688017277b85e3fa5,7292f9eb4f06b15e9f99d3a65d275984e2560c5fb7029a5cd51444fdb2740747,ok
OH,Ohio-s-Learning-Standards-for-Social-Studies_01-2019 6th.pdf,data/raw/OH/Ohio-s-Learning-Standards-for-Social-Studies_01-2019 6th.pdf,pdf,47,13922,cc5ad09bb26f8d12bab37e5ed96b47ff28b73b554c8209e688017277b85e3fa5,7292f9eb4f06b15e9f99d3a65d275984e2560c5fb7029a5cd51444fdb2740747,ok
OH,Ohio-s-Learning-Standards-for-Social-Studies_01-2019 7th.pdf,data/raw/OH/Ohio-s-Learning-Standards-for-Social-Studies_01-2019 7th.pdf,pdf,47,13922,cc5ad09bb26f8d12bab37e5ed96b47ff28b73b554c8209e688017277b85e3fa5,7292f9eb4f06b15e9f99d3a65d275984e2560c5fb7029a5cd51444fdb2740747,ok
OH,Ohio-s-Learning-Standards-for-Social-Studies_01-2019 8th.pdf,data/raw/OH/Ohio-s-Learning-Standards-for-Social-Studies_01-2019 8th.pdf,pdf,47,13922,cc5ad09bb26f8d12bab37e5ed96b47ff28b73b554c8209e688017277b85e3fa5,7292f9eb4f06b15e9f99d3a65d275984e2560c5fb7029a5cd51444fdb2740747,ok
OH,Ohio-s-Learning-Standards-for-Social-Studies_01-2019 American Govt highschool.pdf,data/raw/OH/Ohio-s-Learning-Standards-for-Social-Studies_01-2019 American Govt highschool.pdf,pdf,47,13922,cc5ad09bb26f8d12bab37e5ed96b47ff28b73b554c8209e688017277b85e3fa5,7292f9eb4f06b15e9f99d3a65d275984e2560c5fb7029a5cd51444fdb2740747,ok
OH,Ohio-s-Learning-Standards-for-Social-Studies_01-2019 American History highschool.pdf,data/raw/OH/Ohio-s-Learning-Standards-for-Social-Studies_01-2019 American History highschool.pdf,pdf,47,13922,cc5ad09bb26f8d12bab37e5ed96b47ff28b73b554c8209e688017277b85e3fa5,7292f9eb4f06b15e9f99d3a65d275984e2560c5fb7029a5cd51444fdb2740747,ok
OH,Ohio-s-Learning-Standards-for-Social-Studies_01-2019 Contemporary World Issues highschool.pdf,data/raw/OH/Ohio-s-Learning-Standards-for-Social-Studies_01-2019 Contemporary World Issues highschool.pdf,pdf,47,13922,cc5ad09bb26f8d12bab37e5ed96b47ff28b73b554c8209e688017277b85e3fa5,7292f9eb4f06b15e9f99d3a65d275984e2560c5fb7029a5cd51444fdb2740747,ok
OH,Ohio-s-Learning-Standards-for-Social-Studies_01-2019 Modern World History highschool.pdf,data/raw/OH/Ohio-s-Learning-Standards-for-Social-Studies_01-2019 Modern World History highschool.pdf,pdf,47,13922,cc5ad09bb26f8d12bab37e5ed96b47ff28b73b554c8209e688017277b85e3fa5,7292f9eb4f06b15e9f99d3a65d275984e2560c5fb7029a5cd51444fdb2740747,ok
OH,Ohio-s-Learning-Standards-for-Social-Studies_01-2019 World Geography highschool.pdf,data/raw/OH/Ohio-s-Learning-Standards-for-Social-Studies_01-2019 World Geography highschool.pdf,pdf,47,13922,cc5ad09bb26f8d12bab37e5ed96b47ff28b73b554c8209e688017277b85e3fa5,7292f9eb4f06b15e9f99d3a65d275984e2560c5fb7029a5cd51444fdb2740747,ok
OH,Ohio-s-Learning-Standards-for-Social-Studies_01-2019.pdf,data/raw/OH/Ohio-s-Learning-Standards-for-Social-Studies_01-2019.pdf,pdf,47,13922,cc5ad09bb26f8d12bab37e5ed96b47ff28b73b554c8209e688017277b85e3fa5,7292f9eb4f06b15e9f99d3a65d275984e2560c5fb7029a5cd51444fdb2740747,ok
WI,2018_WI_Social_Studies_Standards_6bd3f2.pdf,data/raw/WI/2018_WI_Social_Studies_Standards_6bd3f2.pdf,pdf,62,13169,81156aa9cffdc10c3dc7f1bcfac2b2b9e0fbe22323db3fac98b008d82dfa091e,87f94f3052efeccf63d30c77a8927ff36e9912c6ef58733c203b9eac52f217e6,ok
DC,DC Standards in English.pdf,data/raw/DC/DC Standards in English.pdf,pdf,95,38458,0cd376b3f7d198d1bb8694c8adf032e1cdee38652b19fb78e51528ad4e81ef5d,aee0c97caef8b8fb5176d44a224505d4d1f9a289392ee21a1134b9da173a3a3d,ok
GA,CASE-Social Studies - Georgia Department of Education.json,data/raw/GA/CASE-Social Studies - Georgia Department of Education.json,json,,269360,03c547a44338f73e4310897f3a83b36ffd617e35a558fa04154f7cf86be1ba99,34c886d6d215546b96d90b7d72ec8078bc6a21879c4d03d53f8aee0580a39371,ok
GA,GA_Social_Studies_items_with_GOAL .csv,data/raw/GA/GA_Social_Studies_items_with_GOAL .csv,csv,,63947,aa85c0c041f2f9a8fcadb9f696e1cd644085648882398e370661d92f6a1e9682,b73bca175a6a23a00c7d014ae54c42e002f19a714c64f0714e51b8010bdaa9ca,ok
GA,Social Studies - Georgia Department of Education-CASE-items.csv,data/raw/GA/Social Studies - Georgia Department of Education-CASE-items.csv,csv,,29620,1e11a5a8f5d4f7ad845870ab0a8f00a602c23a102fa42341e57e8e1466d8366b,ce9bf1f45b504e932f6d7a63c4dd02fcbf292ba582ab134434c36f24b154ad5e,ok
MO,MO curr-mls-standards-ss-6-12-sboe-2016.docx,data/raw/MO/MO curr-mls-standards-ss-6-12-sboe-2016.docx,docx,,18420,d0a8c1d1cea68a5bd82c63de4bc49b198356100f4e461036d7d4af0fbd32dc54,0157a738aab22d6ef749305629319e38d8d5ed205456690b49c5606329be3912,ok
MO,MO curr-mls-standards-ss-k-12-sboe-2016.xlsx,data/raw/MO/MO curr-mls-standards-ss-k-12-sboe-2016.xlsx,xlsx,2,29768,41d4bde558929478e93b7b8e2f9c88cddf7fdebc7a508710405ba087b4b826a9,87c880e06ff8c8e35cc8735d7bff21977957ba1aeb82c0109b3010296e8e9926,ok
MO,MO curr-mls-standards-ss-k-5-sboe-2016.docx,data/raw/MO/MO curr-mls-standards-ss-k-5-sboe-2016.docx,docx,,8345,1404afe119998edb8a4ea0510b10ddad4ba6d0bcfc3e3b3038ee90b12c0ffcec,c65bbf27eb5f57ec4f3d8fbbd7823855e7f05a892f29a57bdf9fba0fc179c889,ok
TX,TX 6-8 SS.pdf,data/raw/TX/TX 6-8 SS.pdf,pdf,20,9631,8e1f7b5136faae4f0ebe4f65b8314a9e321815a35ce2b1971bff96fb5e1e14d9,21a7abd6ea3aabab143ccd1d98c5e80fc6aa076e0a432bec397022ddd71578c8,ok
TX,TX AP IB SS.pdf,data/raw/TX/TX AP IB SS.pdf,pdf,7,2998,c818c85ea99a57901147f3ae9dca8180e4bd86d19a515a3cece48a8745f96ac0,3cd342073441a65c956e5f5a5bc1132a6e7595cffb5f98067e0de116bafee2f5,ok
TX,TX highschool SS.pdf,data/raw/TX/TX highschool SS.pdf,pdf,70,34170,9e0c9ea57ee62904ce62725f459f77c395977df95ce9aa2356833289bad4b70c,2e61da99b174504d3c1030e483d08f44e1e1eeef7fd15e102750557c85ab42ce,ok
TX,TX k-5 SS.pdf,data/raw/TX/TX k-5 SS.pdf,pdf,26,12826,895226cd81311b817a97fd637f959809417fff901bd99871eee5c9464c3a386e,4d617eacab4212d67b2fc9cb42e520221518c34eaeeaab6279c4022621c4affc,ok
VT,VT edu-grade-1-people-places-and-the-environment .pdf,data/raw/VT/VT edu-grade-1-people-places-and-the-environment .pdf,pdf,24,5660,e64568a4eda7c253c961b602e549c6894a5f6073d41d70f0d27484f2126a6052,e619e4200d1020220705bfd3827287b2f5a2b871b6ed2dd1fa2c86491f6c03c8,ok
VT,VT edu-grade-2-the-americas.pdf,data/raw/VT/VT edu-grade-2-the-americas.pdf,pdf,25,6989,6cbb9f632363ed18356b55f2770d55a37bd7cacd1fd131b18c0bc07c09e760e3,36d1b646af47ae93acecda2ae9e5d2614254e9d2b46d6653aa95025cb2ae060e,ok
VT,VT edu-grade-3-global-interactions.pdf,data/raw/VT/VT edu-grade-3-global-interactions.pdf,pdf,38,7433,fdc78d586724439216ce745fd35c5f4dd7d51bb04f0f5f52a7c138e1be1dc5a4,422197a9a32c1c9da0c30c0ae9e47651a524b499c566535bd713769b716a8f27,ok
VT,VT edu-grade-4-vermont-the-early-republic-and-the-us-precolonial-times-to-the-civil-war.pdf,data/raw/VT/VT edu-grade-4-vermont-the-early-republic-and-the-us-precolonial-times-to-the-civil-war.pdf,pdf,34,7730,b94261d632db3cd5e47807ecdf83fb3a12ac70516a3512fb22137bf144f5d0c9,bce172d16badaa3bb17269bf9987cc820fd4e5b4527d25da63c934af443dc271,ok
VT,VT edu-grade-5-world-geography-and-ancient-civilizations-I-western-asia-the-middle-east-north-africa-sub-saharan-africa.pdf,data/raw/VT/VT edu-grade-5-world-geography-and-ancient-civilizations-I-western-asia-the-middle-east-north-africa-sub-saharan-africa.pdf,pdf,33,6126,a6ffacfe6956cce41ea3be8042de2d8a4587f726d9ce7175f92543f5570080ea,45cc0c7121a715c738dcccb28319cd94086afe891813f38b0e6a4e28874066d1,ok
VT,VT edu-grade-6-world-geography-and-ancient-civilization-II-latin-america-south-and-east-asia-oceania-europe.pdf,data/raw/VT/VT edu-grade-6-world-geography-and-ancient-civilization-II-latin-america-south-and-east-asia-oceania-europe.pdf,pdf,27,5818,5b83aa38c64395799b37e2fa8e31abc459c2b2586013bfdeccc9a47439c6cf8c,1a294b8c5fb6a146c1cd0a0cec0776932f366ad539314c6417b625bf71cddc85,ok
VT,VT edu-grade-7-the-us-and-vermont-from-reconstruction-to-the-civil-rights-movement.pdf,data/raw/VT/VT edu-grade-7-the-us-and-vermont-from-reconstruction-to-the-civil-rights-movement.pdf,pdf,25,6717,bfa66e4c69c4d77fb323aeef8f7e958b331bf4f9be18655125b178226aad6512,26c6fdf10dd96eb436c64d773b7d2ce824c154eb2e7fc5ab1a9b52b044568b87,ok
VT,VT edu-grade-8-civics-and-economics-in-action.pdf,data/raw/VT/VT edu-grade-8-civics-and-economics-in-action.pdf,pdf,18,4384,260b55cfaba2b319d031cfe52143001eafabd2722bd7a1fd13aeba1934e141b2,50b690e9b92eb505760cf838bde3c1d61c5ae5a5f145adf54c2e9628f3720463,ok
VT,VT edu-kindergarten-me-and-my-community.pdf,data/raw/VT/VT edu-kindergarten-me-and-my-community.pdf,pdf,15,3646,6bd89262bafa0e85a0b031b261390e224ecedcfe0c349aef34e625b8833f5936,3471ad3c1533b9dee8c1e5aa7fe5d2b33b207d3a40df68c1a746bf7a536da5a1,ok
WV,WV Social Studies Stadards.docx,data/raw/WV/WV Social Studies Stadards.docx,docx,,22981,521fe37596353a30d9bd8a59a86374911429acc0dfb08b69372c3f067cec409d,fc99bf1a44ee52ec3c6ce058d3c58e52621afebe74c163a5d595b91c4a0e50b1,ok
