abbr,file,words,counted,reason_not_counted
AL,AS_20250110_2024-Alabama-Course-of-Study-Social-Studies_V1.0_f8e7f0.pdf,50934,yes,
AK,Adopted-AK-SS-Standards-2024_09c1fb.pdf,30711,yes,
AZ,AZ 2018 History and Social Science Standards _Update8.23.19.pdf,20582,yes,
AR,AR_African_American_History_Standards_2022_LS.pdf,4262,yes,
AR,AR_Civics_Standards_2022_LS.pdf,3716,yes,
AR,AR_Economics_with_Personal_Finance_Standards_2022_LS.pdf,4509,yes,
AR,AR_Grade_7_Social_Studies_Standards_2022_LS.pdf,5659,yes,
AR,AR_Grade_8_Social_Studies_Standards_2022_LS.pdf,4097,yes,
AR,AR_Grades_5-6_Social_Studies_Standards_2022_LS.pdf,8828,yes,
AR,AR_Grades_7-8_Arkansas_History_Standards_2022_LS.pdf,4600,yes,
AR,AR_Grades_9-12_Arkansas_History_Standards_2022_LS.pdf,4486,yes,
AR,AR_Grades_K-4_Social_Studies_Standards_2022_LS.pdf,8267,yes,
AR,AR_Psychology_Standards_2022_LS.pdf,2887,yes,
AR,AR_Sociology_Standards_2022_LS.pdf,2917,yes,
AR,AR_US_Government_Standards_2022_LS.pdf,3853,yes,
AR,AR_US_History_since_1929_Standards_2022_LS.pdf,4473,yes,
AR,AR_World_Geography_Standards_2022_LS.pdf,3443,yes,
AR,AR_World_History_since_1450_Standards_2022_LS.pdf,3867,yes,
CA,CA_hssframeworkwhole_k-12.pdf,272108,yes,
CO,ColoradoAcademicStandards-SocialStudiesStandardsP-12adopted2022_1.pdf,47869,yes,
CO,ColoradoAcademicStandards-SocialStudiesStandardsP-12adopted2022_1_582b69.pdf,47869,no,exact duplicate text of ColoradoAcademicStandards-SocialStudiesS
CT,socialstudiesstandards_470fc5.pdf,24447,yes,
DE,DE-K-12-Civics-Standards-2018.docx,992,yes,
DE,DE-K-12-Economics-Standards-2018.docx,827,yes,
DE,DE-K-12-Geography-Standards-2018.docx,975,yes,
DE,DE-K-12-History-Standards-2018.docx,1159,yes,
DC,DC Standards in English.pdf,38458,yes,
DC,Social_Studies_Assessment_Rubric_c71625.pdf,1422,no,not standards (tools/memo)
DC,Social_Studies_Supplemental_Lesson_Tool_948fc3.pdf,2798,no,not standards (tools/memo)
DC,Social_Studies_WalkthroughTool_f50c7d.pdf,1798,no,not standards (tools/memo)
DC,TAL_SSStandards_SinglePageLayout_BW_0760c6.pdf,44981,no,Spanish version of the standards (counted via the English version)
DC,To_Approve_DC_Social_Studies_Standards_SR23-7_040e49.pdf,596,no,not standards (tools/memo)
FL,florida_k-12_social_studies.pdf,58902,yes,
GA,CASE-Social Studies - Georgia Department of Education.json,269360,no,same standards as the CASE items CSV (subset print / JSON / CSV with notes)
GA,GA Social Studies K-12.pdf,22072,no,same standards as the CASE items CSV (subset print / JSON / CSV with notes)
GA,GA_Social_Studies_items_with_GOAL .csv,63947,no,same standards as the CASE items CSV (subset print / JSON / CSV with notes)
GA,Social Studies - Georgia Department of Education-CASE-items.csv,29620,yes,
HI,FilipinoHistoryCultureCourseStandards_96ad1e.pdf,1534,yes,
HI,Financial-Literacy-Standards_1b3278.pdf,2407,yes,
HI,HCPSIII_AsianStudies_b80bc4.pdf,1572,yes,
HI,HCPSIII_Economics_ede75f.pdf,2150,yes,
HI,HCPSIII_EuropeanStudies_88656b.pdf,1601,yes,
HI,HCPSIII_Geography_1b2aa3.pdf,1464,yes,
HI,HCPSIII_GlobalStudies_605e6f.pdf,1404,yes,
HI,HCSSSHawaiianKingdom_da6669.pdf,1156,yes,
HI,HCSSSModernHistoryHawaii_614df7.pdf,1257,yes,
HI,HCSSSPacificIslandStudies_d85df1.pdf,1071,yes,
HI,HCSSSUSHistoryGovernment_92def7.pdf,2830,yes,
HI,HCSSSWorldHistoryCulture_aebfd5.pdf,2253,yes,
HI,HCSSSgr1_c61d03.pdf,1123,yes,
HI,HCSSSgr2_cc4e98.pdf,1170,yes,
HI,HCSSSgr3_83ae9b.pdf,1284,yes,
HI,HCSSSgr4_962d88.pdf,1728,yes,
HI,HCSSSgr5_85084d.pdf,1701,yes,
HI,HCSSSgr6WorldHist_457412.pdf,2117,yes,
HI,HCSSSgr8USHist_d361b9.pdf,1695,yes,
HI,HCSSSgrK_26da93.pdf,855,yes,
HI,HI FilipinoHistoryCultureCourseStandards.pdf,1534,no,exact duplicate text of FilipinoHistoryCultureCourseStandards_96
HI,HI HCPSIII_AmericanProblems.pdf,1665,yes,
HI,HI HCPSIII_AsianStudies.pdf,1572,no,exact duplicate text of HCPSIII_AsianStudies_b80bc4.pdf
HI,HI HCPSIII_CulturalAnthropology.pdf,1598,yes,
HI,HI HCPSIII_Economics.pdf,2150,no,exact duplicate text of HCPSIII_Economics_ede75f.pdf
HI,HI HCPSIII_EuropeanStudies.pdf,1601,no,exact duplicate text of HCPSIII_EuropeanStudies_88656b.pdf
HI,HI HCPSIII_Geography.pdf,1464,no,exact duplicate text of HCPSIII_Geography_1b2aa3.pdf
HI,HI HCPSIII_GlobalStudies.pdf,1404,no,exact duplicate text of HCPSIII_GlobalStudies_605e6f.pdf
HI,HI HCPSIII_Humanities.pdf,1518,yes,
HI,HI HCPSIII_PoliticalScience_Government.pdf,1852,yes,
HI,HI HCPSIII_Psychology.pdf,1211,yes,
HI,HI HCPSIII_Sociology.pdf,1613,yes,
HI,HI HCSSSDemocracy.pdf,1287,yes,
HI,HI HCSSSHawaiianKingdom.pdf,1156,no,exact duplicate text of HCSSSHawaiianKingdom_da6669.pdf
HI,HI HCSSSModernHistoryHawaii.pdf,1257,no,exact duplicate text of HCSSSModernHistoryHawaii_614df7.pdf
HI,HI HCSSSPacificIslandStudies.pdf,1071,no,exact duplicate text of HCSSSPacificIslandStudies_d85df1.pdf
HI,HI HCSSSUSHistoryGovernment.pdf,2830,no,exact duplicate text of HCSSSUSHistoryGovernment_92def7.pdf
HI,HI HCSSSWorldHistoryCulture.pdf,2253,no,exact duplicate text of HCSSSWorldHistoryCulture_aebfd5.pdf
HI,HI HCSSSgr1.pdf,1123,no,exact duplicate text of HCSSSgr1_c61d03.pdf
HI,HI HCSSSgr2.pdf,1170,no,exact duplicate text of HCSSSgr2_cc4e98.pdf
HI,HI HCSSSgr3.pdf,1284,no,exact duplicate text of HCSSSgr3_83ae9b.pdf
HI,HI HCSSSgr4.pdf,1728,no,exact duplicate text of HCSSSgr4_962d88.pdf
HI,HI HCSSSgr5.pdf,1701,no,exact duplicate text of HCSSSgr5_85084d.pdf
HI,HI HCSSSgr6WorldHist.pdf,2117,no,exact duplicate text of HCSSSgr6WorldHist_457412.pdf
HI,HI HCSSSgr8USHist.pdf,1695,no,exact duplicate text of HCSSSgr8USHist_d361b9.pdf
HI,HI HCSSSgrK.pdf,855,no,exact duplicate text of HCSSSgrK_26da93.pdf
ID,K-12-Social-Studies-Standards_4ca81c.pdf,13924,yes,
IL,IL-Social-Science-Standards_4db7c3.pdf,9758,yes,
IN,2026-Indiana-Academic-Standards-Economics_933337.pdf,1528,yes,
IN,2026-Indiana-Academic-Standards-Grade-3-Social-Studies_d0f3c3.pdf,1559,yes,
IN,2026-Indiana-Academic-Standards-Grade-6-Social-Studies_94e5c1.pdf,1531,yes,
IN,2026-Indiana-Academic-Standards-Grade-7-Social-Studies-3_ecfa83.pdf,1609,yes,
IN,2026-Indiana-Academic-Standards-Grade-8-Social-Studies_a_8da304.pdf,2121,yes,
IN,2026-Indiana-Academic-Standards-Sociology_505c23.pdf,2202,yes,
IN,2026-Indiana-Academic-Standards-U.S.-Government_5c0f46.pdf,1770,yes,
IN,2026-Indiana-Academic-Standards-U.S.-History_fa7d1b.pdf,1658,yes,
IN,2026-Indiana-Academic-Standards-World-History-and-Civilization_ac0a88.pdf,1825,yes,
IN,Grade-6-Civics-Course-FAQ-December-2023_536825.pdf,484,no,superseded by 2026 version / not standards (FAQ)
IN,Indiana-Academic-Standards-Grade-2-Social-Studies_b2b7c7.pdf,1426,yes,
IN,Indiana-Academic-Standards-Grade-3-Social-Studies_186ed8.pdf,1708,no,superseded by 2026 version / not standards (FAQ)
IN,Indiana-Academic-Standards-Grade-4-Social-Studies_7dbc21.pdf,2064,yes,
IN,Indiana-Academic-Standards-Grade-5-Social-Studies_8ab064.pdf,2207,yes,
IN,Indiana-Academic-Standards-Grade-6-Middle-School-Civics_d4140f.pdf,1166,yes,
IN,Indiana-Academic-Standards-Grade-6-Social-Studies__5bc24d.pdf,1840,no,superseded by 2026 version / not standards (FAQ)
IN,Indiana-Academic-Standards-U.S.-Government_4b18b4.pdf,1630,no,superseded by 2026 version / not standards (FAQ)
IN,Indiana-Academic-Standards-U.S.-History_1d38f5.pdf,1860,no,superseded by 2026 version / not standards (FAQ)
IN,indiana-academic-standards-economics_4d176f.pdf,1419,no,superseded by 2026 version / not standards (FAQ)
IN,indiana-academic-standards-geography-and-history-of-the-world_c024f5.pdf,2533,yes,
IN,indiana-academic-standards-grade-1-social-studies_432eee.pdf,1287,yes,
IN,indiana-academic-standards-grade-7-social-studies_2c15e4.pdf,1743,no,superseded by 2026 version / not standards (FAQ)
IN,indiana-academic-standards-grade-8-social-studies_e4c0a6.pdf,2100,no,superseded by 2026 version / not standards (FAQ)
IN,indiana-academic-standards-kindergarten-social-studies_dbb6af.pdf,1186,yes,
IN,indiana-academic-standards-world-history-and-civilization_de6375.pdf,1768,no,superseded by 2026 version / not standards (FAQ)
IA,download_e5f143.pdf,57735,yes,
KS,KS hgss-standards-benchmarks-and-appendices.pdf,31467,yes,
KY,Kentucky_Academic_Standards_for_Social_Studies_52f5c5.pdf,82300,yes,
LA,k-12-louisiana-student-standards-for-social-studies_b9db19.pdf,23403,yes,
ME,MLR_-_Social_Studies_2019_revised_standards_-_10.2025_fcf62a.docx,8073,yes,
ME,Maine_Learning_Results_for_Social_Studies_-_2007_Version_0_0d4c29.pdf,6651,no,superseded 2007 version / extracts of the 2019 standards
ME,Social_Studies_-_MLR_Social_Studies_Geography_2019_-_10.9.2025_83d3f3.pdf,2563,yes,
ME,Social_Studies_-_MLR_Social_Studies_History_2019_-_10.9.2025_7f7403.pdf,3355,yes,
MA,2018-12_3e7081.pdf,83191,yes,
MI,Final_Social_Studies_Standards_Document_655968_7_1bc63b.pdf,53774,yes,
MN,MN k12 social science and studies 2021.pdf,25559,yes,
MS,MS k12 social studies.pdf,92294,yes,
MO,MO curr-mls-standards-ss-6-12-sboe-2016.docx,18420,yes,
MO,MO curr-mls-standards-ss-k-12-sboe-2016.xlsx,29768,no,PDF/Excel versions of the same standards (counted via the two Word documents)
MO,MO curr-mls-standards-ss-k-5-sboe-2016.docx,8345,yes,
MO,curr-MO-standards-ss-6-12-sboe-2016_AOD.pdf,16912,no,PDF/Excel versions of the same standards (counted via the two Word documents)
MO,curr-MO-standards-ss-k-5-sboe-2016_AOD.pdf,7395,no,PDF/Excel versions of the same standards (counted via the two Word documents)
MO,curr-mls-standards-ss-k-12-sboe-2016.xlsx,29768,no,PDF/Excel versions of the same standards (counted via the two Word documents)
MT,2021_SS_for_Web_4e6bb2.xlsx,5837,yes,
MT,IEFA_Connections_Social_Studies_Standards_6a3222.pdf,2363,no,PDF subset / excerpt of the Excel standards
MT,SIPL_CSI_Standards_Revision_Social_Studies_Montana_K-12_Content_Standards_for_Social_Studies_2021.04.05_86672e.pdf,3562,no,PDF subset / excerpt of the Excel standards
NE,NE-Social-Studies-Standards_Final-Draft-Excel-Version_9c0a1d.xlsx,8313,no,same standards as the PDF in Excel format
NE,Nebraska-Social-Studies-Standards-Final-11-2019_bc9931.pdf,18717,yes,
NE,Nebraska-Social-Studies-Standards_Final-Draft-Horizontal_2d3126.xlsx,8573,no,same standards as the PDF in Excel format
NV,NVAC_Sfor_Social_Studies_ea0a1df6ac_f3c271.pdf,12221,yes,
NH,frameworks_4820bf.pdf,29222,yes,
NJ,2020NJSLS-SS_Grades3-5_561b5a.pdf,9621,yes,
NJ,2020NJSLS-SS_Grades6-8_74ea7e.pdf,10927,yes,
NJ,2020NJSLS-SS_Grades9-12_baf253.pdf,18672,yes,
NJ,2020NJSLS-SS_GradesK-2_5fcaec.pdf,8034,yes,
NJ,2020NJSLS-SS_by_GradeBand_f31ad8.pdf,33820,no,re-sorted compilation of the same standards (counted via the 4 grade-band files)
NJ,2020NJSLS-SS_by_Standard_f9e7b8.pdf,30072,no,re-sorted compilation of the same standards (counted via the 4 grade-band files)
NJ,DiversityInclusionLaw_3d8620.pdf,205,no,not standards (law summary)
NJ,WIDA-ELD-Standards-Framework-2020-Edition-Grade-1_fdde08.pdf,12870,no,not social studies (English-language-development standards)
NJ,WIDA-ELD-Standards-Framework-2020-Edition-Grades-2-3_bb77e4.pdf,13485,no,not social studies (English-language-development standards)
NJ,WIDA-ELD-Standards-Framework-2020-Edition-Grades-4-5_a604de.pdf,15787,no,not social studies (English-language-development standards)
NJ,WIDA-ELD-Standards-Framework-2020-Edition-Grades-6-8_68b9b7.pdf,16729,no,not social studies (English-language-development standards)
NJ,WIDA-ELD-Standards-Framework-2020-Edition-Grades-9-12_8685d8.pdf,16822,no,not social studies (English-language-development standards)
NJ,WIDA-ELD-Standards-Framework-2020-Edition-Kindergarten_e523c5.pdf,11491,no,not social studies (English-language-development standards)
NM,NM-Standards-508.pdf,23730,yes,
NY,NY ss-framework-k-8a2.pdf,38759,yes,
NY,ny ss framework-9-12-with-2017-updates.pdf,17852,yes,
NC,NC 1st SS Standards - A.pdf,1162,yes,
NC,NC 2nd SS Standards - A.pdf,1030,yes,
NC,NC 3rd SS Standards - A.pdf,1104,yes,
NC,NC 4th SS Standards - A.pdf,1278,yes,
NC,NC 5th SS Standards - A.pdf,1344,yes,
NC,NC 6th SS Standards - A.pdf,1222,yes,
NC,NC 7th SS Standards - A.pdf,1221,yes,
NC,NC 8th SS Standards - A.pdf,1469,yes,
NC,NC American History SS Standards - A.pdf,1823,yes,
NC,NC Economics and Personal Finance SS Standards - A.pdf,1156,yes,
NC,NC Founding Principles SS Standards - A.pdf,1898,yes,
NC,NC K SS Standards - A.pdf,1047,yes,
NC,NC World History SS Standards - A.pdf,1684,yes,
ND,Rev7_2023.11.30_Social_Studies_Content_Standards_2e5e84.pdf,18693,yes,
OH,Ohio-s-Learning-Standards-for-Social-Studies_01-2019 1st.pdf,13922,yes,
OH,Ohio-s-Learning-Standards-for-Social-Studies_01-2019 2nd.pdf,13922,no,exact duplicate text of Ohio-s-Learning-Standards-for-Social-Stu
OH,Ohio-s-Learning-Standards-for-Social-Studies_01-2019 3rd.pdf,13922,no,exact duplicate text of Ohio-s-Learning-Standards-for-Social-Stu
OH,Ohio-s-Learning-Standards-for-Social-Studies_01-2019 4th.pdf,13922,no,exact duplicate text of Ohio-s-Learning-Standards-for-Social-Stu
OH,Ohio-s-Learning-Standards-for-Social-Studies_01-2019 5th.pdf,13922,no,exact duplicate text of Ohio-s-Learning-Standards-for-Social-Stu
OH,Ohio-s-Learning-Standards-for-Social-Studies_01-2019 6th.pdf,13922,no,exact duplicate text of Ohio-s-Learning-Standards-for-Social-Stu
OH,Ohio-s-Learning-Standards-for-Social-Studies_01-2019 7th.pdf,13922,no,exact duplicate text of Ohio-s-Learning-Standards-for-Social-Stu
OH,Ohio-s-Learning-Standards-for-Social-Studies_01-2019 8th.pdf,13922,no,exact duplicate text of Ohio-s-Learning-Standards-for-Social-Stu
OH,Ohio-s-Learning-Standards-for-Social-Studies_01-2019 American Govt highschool.pdf,13922,no,exact duplicate text of Ohio-s-Learning-Standards-for-Social-Stu
OH,Ohio-s-Learning-Standards-for-Social-Studies_01-2019 American History highschool.pdf,13922,no,exact duplicate text of Ohio-s-Learning-Standards-for-Social-Stu
OH,Ohio-s-Learning-Standards-for-Social-Studies_01-2019 Contemporary World Issues highschool.pdf,13922,no,exact duplicate text of Ohio-s-Learning-Standards-for-Social-Stu
OH,Ohio-s-Learning-Standards-for-Social-Studies_01-2019 Modern World History highschool.pdf,13922,no,exact duplicate text of Ohio-s-Learning-Standards-for-Social-Stu
OH,Ohio-s-Learning-Standards-for-Social-Studies_01-2019 World Geography highschool.pdf,13922,no,exact duplicate text of Ohio-s-Learning-Standards-for-Social-Stu
OH,Ohio-s-Learning-Standards-for-Social-Studies_01-2019.pdf,13922,no,exact duplicate text of Ohio-s-Learning-Standards-for-Social-Stu
OK,Final_2025_SS_OAS_fc721b.pdf,58328,yes,
OR,Final2024SocialScienceStandardsACCESSIBLE_3b6075.pdf,22907,yes,
PA,arts_456012.pdf,4553,no,not social studies standards
PA,career_education_and_work_standards_appendix_e-1__a86a77.pdf,1680,no,not social studies standards
PA,civicsandgovernment_125f29.pdf,5685,yes,
PA,e_history_web03_3aa68b.pdf,6079,yes,
PA,economics_standards_appendix_c-1__99ce1c.pdf,2107,yes,
PA,geography_cd6697.pdf,7302,yes,
PA,pa_common_core_-_appendix_c_41d4b5.pdf,3327,no,not social studies standards
PA,pennsylvania_technology_and_engineering_standards_-_grades_6-12_a7e0c9.pdf,1404,no,not social studies standards
PA,personal_finance_standards_d1e49c.pdf,3159,yes,
RI,RhodeIsland_SocialStudiesStandards_FULL_4c95f6.pdf,80505,yes,
SC,SC 2019-SCSSCCR Standards-Final with appendices.pdf,46683,yes,
SD,SS-Standards-2015_dd8f10.pdf,11113,no,superseded (2015) version
SD,SS-Standards-2023_4fe370.pdf,45613,yes,
TN,TN_Academic_Social_Studies_Standards_25_0162ee.pdf,51930,yes,
TX,TX 6-8 SS.pdf,9631,yes,
TX,TX AP IB SS.pdf,2998,yes,
TX,TX highschool SS.pdf,34170,yes,
TX,TX k-5 SS.pdf,12826,yes,
TX,ch113d_ba9f10.pdf,2998,no,exact duplicate text of TX AP IB SS.pdf
UT,UT FifthGrade SS.pdf,3901,yes,
UT,UT FirstGrade SS.pdf,2948,yes,
UT,UT FourthGrade SS.pdf,3946,yes,
UT,UT Kindergarten SS.pdf,2851,yes,
UT,UT SecondGrade SS.pdf,3229,yes,
UT,UT SixthGrade SS.pdf,3440,yes,
UT,UT ThirdGrade SS.pdf,3283,yes,
UT,UT USGovernment SS highschool.pdf,2018,yes,
UT,UT USHistory1 SS highschool.pdf,3088,yes,
UT,UT USHistory2 SS highschool.pdf,3573,yes,
UT,UT UtahStudies SS highschool.pdf,2890,yes,
UT,UT WorldGeography SS highschool.pdf,1967,yes,
UT,UT WorldHistory SS highschool.pdf,3400,yes,
UT,UtahSocialStudiesK-6StandardsImplementationTimeline_2023_-_2025_ADA_Compliant_895be2.pdf,1147,no,not standards (implementation timeline)
VT,VT edu-grade-1-people-places-and-the-environment .pdf,5660,yes,
VT,VT edu-grade-2-the-americas.pdf,6989,yes,
VT,VT edu-grade-3-global-interactions.pdf,7433,yes,
VT,VT edu-grade-4-vermont-the-early-republic-and-the-us-precolonial-times-to-the-civil-war.pdf,7730,yes,
VT,VT edu-grade-5-world-geography-and-ancient-civilizations-I-western-asia-the-middle-east-north-africa-sub-saharan-africa.pdf,6126,yes,
VT,VT edu-grade-6-world-geography-and-ancient-civilization-II-latin-america-south-and-east-asia-oceania-europe.pdf,5818,yes,
VT,VT edu-grade-7-the-us-and-vermont-from-reconstruction-to-the-civil-rights-movement.pdf,6717,yes,
VT,VT edu-grade-8-civics-and-economics-in-action.pdf,4384,yes,
VT,VT edu-kindergarten-me-and-my-community.pdf,3646,yes,
VT,c3-framework-for-social-studies-rev0617.2_c633fc.pdf,53415,no,near-duplicate copy of the same C3 Framework file
VT,c3-framework-for-social-studies-rev0617_3db023.pdf,53414,yes,
VA,VA 2023 HSS SOL FINAL 03.11.25.docx,23265,yes,
WA,OSPI_SocStudies_Standards_MASTER_09-16-2019_DigitalVersion_6fc627.docx,31081,no,same standards as master PDF in other formats/subsets
WA,SocialStudiesScopeandSequence2020Web_dd2e73.pdf,338,no,same standards as master PDF in other formats/subsets
WA,ospi_socstudies_standards_2019_7b61b4.pdf,36555,yes,
WA,ss-standards-2019_grades-6-8_civics_de7415.pdf,1617,no,same standards as master PDF in other formats/subsets
WA,ss-standards-2019_grades-6-8_economics_b7b91f.pdf,1550,no,same standards as master PDF in other formats/subsets
WA,ss-standards-2019_grades-6-8_geography_503913.pdf,1092,no,same standards as master PDF in other formats/subsets
WA,ss-standards-2019_grades-6-8_history_95efe9.pdf,1708,no,same standards as master PDF in other formats/subsets
WA,ss-standards-2019_grades-6-8_ss-skills_28854b.pdf,1013,no,same standards as master PDF in other formats/subsets
WA,ss-standards-2019_grades-9-12_civics_989aac.pdf,1622,no,same standards as master PDF in other formats/subsets
WA,ss-standards-2019_grades-9-12_economics_3599cd.pdf,1690,no,same standards as master PDF in other formats/subsets
WA,ss-standards-2019_grades-9-12_geography_8f718e.pdf,1340,no,same standards as master PDF in other formats/subsets
WA,ss-standards-2019_grades-9-12_history_d2956d.pdf,1566,no,same standards as master PDF in other formats/subsets
WA,ss-standards-2019_grades-9-12_ss-skills_fa8f97.pdf,1271,no,same standards as master PDF in other formats/subsets
WA,ss-standards-2019_grades-k-5_civics_fadaa9.pdf,3336,no,same standards as master PDF in other formats/subsets
WA,ss-standards-2019_grades-k-5_economics_190cbd.pdf,2649,no,same standards as master PDF in other formats/subsets
WA,ss-standards-2019_grades-k-5_geography_36710b.pdf,2448,no,same standards as master PDF in other formats/subsets
WA,ss-standards-2019_grades-k-5_history_01902e.pdf,3015,no,same standards as master PDF in other formats/subsets
WA,ss-standards-2019_grades-k-5_ss-skills_05c669.pdf,3001,no,same standards as master PDF in other formats/subsets
WV,WV Social Studies Stadards.docx,22981,yes,
WV,readfile_0b6b00.pdf,0,no,scanned PDF (counted via the text-based Word version)
WI,2018_WI_Social_Studies_Standards_6bd3f2.pdf,13169,yes,
WI,2018_WI_Social_Studies_Standards_99e337.pdf,13169,no,exact duplicate text of 2018_WI_Social_Studies_Standards_6bd3f2.
WI,Standards_Revision_and_Review_Process_Flow_Chart_final_Sept_2016_af2b9d.pdf,147,no,not standards (process chart)
WI,WMAS_for_Social_Studies_9f7a60.pdf,0,yes,
WI,voluntary-national-content-standards-2010_4ed1ed.pdf,24903,no,older national standards (superseded)
WY,Social-Studies-Standards-20142018-additions_FINAL_f5341c.pdf,17925,yes,
