era,topic,years,description,search_terms
Colonial Era & Early Republic (1600s–1840),Colonial migration and settlement,1600s–1700s,"European settlers (English, Dutch, Germans, Scots-Irish, French, Spanish) establish colonies in North America.",colonists; colonial settlement; Scots-Irish; Pennsylvania Dutch; New Netherland
Colonial Era & Early Republic (1600s–1840),Indentured servitude,1600s–1700s,Many European migrants paid passage by contracting labor for a set term.,indentured servants; redemptioners; headright system
Colonial Era & Early Republic (1600s–1840),Transatlantic slave trade (forced migration),1619–1808,Forced migration of enslaved Africans; often framed in standards as involuntary migration.,Middle Passage; forced migration; slave trade; Atlantic slave trade; 1619
Colonial Era & Early Republic (1600s–1840),Religious refugees in the colonies,1620s–1700s,"Pilgrims, Puritans, Quakers, Huguenots, Jews and others seeking religious freedom.",Pilgrims; Puritans; Huguenots; religious freedom; religious persecution
Colonial Era & Early Republic (1600s–1840),Naturalization Act of 1790,1790,First U.S. citizenship law; limited naturalization to 'free white persons'.,Naturalization Act; free white persons; naturalization
Colonial Era & Early Republic (1600s–1840),Alien and Sedition Acts,1798,Federalist laws allowing deportation of 'dangerous' aliens and raising residency requirements for citizenship.,Alien Acts; Alien Enemies Act; Alien Friends Act; Sedition Act
Colonial Era & Early Republic (1600s–1840),Act Prohibiting Importation of Slaves,1808,Ended legal U.S. participation in the international slave trade.,1808 slave trade ban; end of the slave trade
Colonial Era & Early Republic (1600s–1840),Steerage Act / Passenger Act,1819,First federal law regulating immigrant ships and requiring arrival records.,Steerage Act; Passenger Act of 1819; ship manifests
Antebellum & Civil War Era (1840–1877),Irish Potato Famine migration,1845–1855,Mass Irish emigration to the U.S. after the Great Famine.,Great Famine; Irish famine; Irish immigrants; An Gorta Mór
Antebellum & Civil War Era (1840–1877),German immigration and the Forty-Eighters,1840s–1880s,"Large German migration, including political refugees after the 1848 revolutions.",German immigrants; Forty-Eighters; 1848 revolutions
Antebellum & Civil War Era (1840–1877),Nativism and the Know-Nothing Party,1840s–1850s,"Anti-immigrant, anti-Catholic political movement.",Know-Nothings; American Party; nativism; nativist; anti-Catholic
Antebellum & Civil War Era (1840–1877),California Gold Rush migration,1848–1855,"Migrants from China, Latin America, Europe and Australia arrive in California.",Gold Rush; forty-niners; Chinese miners; Foreign Miners' Tax
Antebellum & Civil War Era (1840–1877),Treaty of Guadalupe Hidalgo,1848,Ends the Mexican-American War; Mexicans in ceded territory become U.S. residents/citizens.,"Mexican Cession; Guadalupe Hidalgo; 'we didn't cross the border, the border crossed us'"
Antebellum & Civil War Era (1840–1877),Chinese labor and the Transcontinental Railroad,1863–1869,Chinese workers build the Central Pacific line.,Chinese railroad workers; Central Pacific; transcontinental railroad
Antebellum & Civil War Era (1840–1877),Immigrants in the Civil War,1861–1865,Large share of Union troops were foreign-born; draft riots target immigrants and Black New Yorkers.,Irish Brigade; New York City draft riots; foreign-born soldiers
Antebellum & Civil War Era (1840–1877),Homestead Act,1862,"Offered land to settlers, including immigrants who declared intent to naturalize.",Homestead Act; homesteaders; Scandinavian settlers
Antebellum & Civil War Era (1840–1877),Fourteenth Amendment and birthright citizenship,1868,Establishes citizenship for all persons born or naturalized in the U.S.,14th Amendment; birthright citizenship; Citizenship Clause
Antebellum & Civil War Era (1840–1877),Burlingame Treaty,1868,U.S.–China treaty encouraging Chinese immigration.,Burlingame Treaty
Antebellum & Civil War Era (1840–1877),Naturalization Act of 1870,1870,Extends naturalization to persons of African descent but not to Asians.,Naturalization Act of 1870
Antebellum & Civil War Era (1840–1877),Page Act,1875,First restrictive federal immigration law; effectively barred Chinese women.,Page Act of 1875
Industrialization & the 'New Immigration' (1877–1924),The 'New Immigration' from Southern and Eastern Europe,1880–1920,"Mass arrival of Italians, Poles, Jews, Greeks, Slavs and others.",new immigrants; old vs. new immigration; Southern and Eastern Europe
Industrialization & the 'New Immigration' (1877–1924),Chinese Exclusion Act,1882,First law barring a group by nationality; extended by the Geary Act (1892) and made permanent in 1902.,Chinese Exclusion; Geary Act; Scott Act; exclusion era
Industrialization & the 'New Immigration' (1877–1924),Immigration Act of 1882,1882,"Head tax and bars on 'lunatics, idiots' and those 'likely to become a public charge'.",public charge; head tax; Immigration Act of 1882
Industrialization & the 'New Immigration' (1877–1924),Anti-Chinese violence,1870s–1880s,"Massacres and expulsions such as Los Angeles (1871), Rock Springs (1885), Tacoma and Seattle (1885–86).",Rock Springs massacre; Chinese massacre of 1871; Tacoma expulsion; 'driving out'
Industrialization & the 'New Immigration' (1877–1924),Statue of Liberty and 'The New Colossus',1886,"Emma Lazarus's poem ('Give me your tired, your poor...') ties the statue to immigration.",Statue of Liberty; Emma Lazarus; New Colossus; huddled masses
Industrialization & the 'New Immigration' (1877–1924),Castle Garden,1855–1890,New York's immigrant processing center before Ellis Island.,Castle Garden; Castle Clinton
Industrialization & the 'New Immigration' (1877–1924),Ellis Island,1892–1954,Main federal immigration station in New York Harbor.,Ellis Island; immigration station; processing center
Industrialization & the 'New Immigration' (1877–1924),"Tenements, urban life and settlement houses",1880s–1910s,Immigrant living conditions and reform efforts; Jacob Riis and Jane Addams's Hull House.,tenements; How the Other Half Lives; Jacob Riis; Hull House; Jane Addams; settlement house movement
Industrialization & the 'New Immigration' (1877–1924),Political machines and immigrants,1860s–1920s,Urban machines like Tammany Hall traded services for immigrant votes.,Tammany Hall; Boss Tweed; political machines
Industrialization & the 'New Immigration' (1877–1924),Immigrant labor and the labor movement,1880s–1920s,"Immigrant workers in mines, mills and factories; strikes and unions.",Triangle Shirtwaist Factory fire; Haymarket; Lawrence textile strike; Bread and Roses; sweatshops
Industrialization & the 'New Immigration' (1877–1924),Lynching of Italians in New Orleans,1891,"Mob killing of 11 Italian Americans, among the largest mass lynchings in U.S. history.",New Orleans lynching 1891; anti-Italian
Industrialization & the 'New Immigration' (1877–1924),Wong Kim Ark decision,1898,Supreme Court affirms birthright citizenship for children of Chinese immigrants.,United States v. Wong Kim Ark; birthright citizenship
Industrialization & the 'New Immigration' (1877–1924),Angel Island,1910–1940,West Coast immigration station; detention and interrogation of Chinese and other Asian immigrants.,Angel Island; paper sons; paper daughters; Angel Island poetry
Industrialization & the 'New Immigration' (1877–1924),Gentlemen's Agreement,1907–1908,Informal U.S.–Japan agreement limiting Japanese labor migration.,Gentlemen's Agreement; picture brides
Industrialization & the 'New Immigration' (1877–1924),Dillingham Commission,1907–1911,Congressional study framing 'new' immigrants as inferior; shaped later restriction.,Dillingham Commission
Industrialization & the 'New Immigration' (1877–1924),Americanization movement,1910s–1920s,Campaigns to assimilate immigrants through English classes and civics.,Americanization; assimilation; melting pot; Israel Zangwill
Industrialization & the 'New Immigration' (1877–1924),Alien Land Laws,1913–1920s,State laws (starting in California) barring 'aliens ineligible for citizenship' from owning land.,California Alien Land Law; Webb–Haney Act
Industrialization & the 'New Immigration' (1877–1924),Great Migration and Mexican migration during WWI,1910s–1920s,Mexican Revolution refugees and laborers; internal migration of Black Americans North (sometimes taught alongside).,Mexican Revolution refugees; Great Migration
Industrialization & the 'New Immigration' (1877–1924),Immigration Act of 1917,1917,Literacy test and the 'Asiatic Barred Zone'.,Literacy Act; Asiatic Barred Zone; Barred Zone Act
Industrialization & the 'New Immigration' (1877–1924),Jones Act and Puerto Rican citizenship,1917,"Grants U.S. citizenship to Puerto Ricans, enabling migration to the mainland.",Jones–Shafroth Act; Puerto Rican migration; Great Migration (Puerto Rico)
Industrialization & the 'New Immigration' (1877–1924),First Red Scare and Palmer Raids,1919–1920,Mass arrests and deportations of immigrant radicals.,Red Scare; Palmer Raids; Emma Goldman deportation; Buford 'Soviet Ark'
Industrialization & the 'New Immigration' (1877–1924),Sacco and Vanzetti,1920–1927,"Trial and execution of two Italian anarchists, seen as shaped by anti-immigrant bias.",Sacco and Vanzetti
Industrialization & the 'New Immigration' (1877–1924),Revival of the Ku Klux Klan,1915–1920s,"Second Klan targets immigrants, Catholics and Jews as well as Black Americans.",second Klan; KKK; 100% Americanism
Industrialization & the 'New Immigration' (1877–1924),Ozawa and Thind decisions,1922–1923,Supreme Court rules Japanese and Indian immigrants are not 'white' and so cannot naturalize.,Takao Ozawa v. United States; United States v. Bhagat Singh Thind
Industrialization & the 'New Immigration' (1877–1924),Emergency Quota Act,1921,First numerical quotas based on national origin.,Emergency Quota Act; Quota Act of 1921
Industrialization & the 'New Immigration' (1877–1924),Immigration Act of 1924 (Johnson-Reed Act),1924,National-origins quotas favoring Northern Europe; bars Asian immigration.,Johnson-Reed Act; National Origins Act; Asian Exclusion Act; quota system
Industrialization & the 'New Immigration' (1877–1924),Creation of the U.S. Border Patrol,1924,Federal force to police land borders.,Border Patrol
Industrialization & the 'New Immigration' (1877–1924),Indian Citizenship Act,1924,Grants citizenship to Native Americans born in the U.S.; often taught in the same unit.,Snyder Act; Indian Citizenship Act
"Depression, World War II & Postwar (1925–1964)",Mexican Repatriation,1929–1936,"Deportation and coerced departure of hundreds of thousands of Mexicans and Mexican Americans, many U.S. citizens.",Mexican Repatriation; repatriation drives; Mexican deportations
"Depression, World War II & Postwar (1925–1964)",Tydings–McDuffie Act,1934,Sets Philippine independence path and limits Filipino immigration to 50 per year.,Filipino Exclusion; Tydings-McDuffie
"Depression, World War II & Postwar (1925–1964)",Jewish refugees and the MS St. Louis,1939,U.S. turns away a ship of German-Jewish refugees; broader refugee restrictions during the Holocaust.,St. Louis; Voyage of the Damned; Wagner-Rogers Bill; refugee crisis Holocaust
"Depression, World War II & Postwar (1925–1964)",Alien Registration Act (Smith Act),1940,Requires registration and fingerprinting of non-citizens.,Smith Act; Alien Registration Act
"Depression, World War II & Postwar (1925–1964)",Japanese American incarceration,1942–1946,"Executive Order 9066 forces ~120,000 Japanese Americans into camps.",Japanese internment; internment camps; incarceration camps; Executive Order 9066; Manzanar; Heart Mountain; Tule Lake; relocation centers
"Depression, World War II & Postwar (1925–1964)","Korematsu, Hirabayashi and Endo cases",1943–1944,Supreme Court cases on the incarceration.,Korematsu v. United States; Hirabayashi; Ex parte Endo
"Depression, World War II & Postwar (1925–1964)",Internment of German and Italian 'enemy aliens',1941–1948,"Detention of German, Italian and Japanese Latin American nationals.",enemy aliens; Crystal City; Italian internment
"Depression, World War II & Postwar (1925–1964)",Bracero Program,1942–1964,U.S.–Mexico guest worker program for agricultural and railroad labor.,Bracero Program; braceros; guest worker; Mexican Farm Labor Program
"Depression, World War II & Postwar (1925–1964)",Zoot Suit Riots,1943,Attacks on Mexican American youth in Los Angeles.,Zoot Suit Riots; Sleepy Lagoon
"Depression, World War II & Postwar (1925–1964)",Magnuson Act (repeal of Chinese Exclusion),1943,Repeals Chinese Exclusion with a token quota.,Magnuson Act; Chinese Exclusion Repeal Act
"Depression, World War II & Postwar (1925–1964)",War Brides Act,1945,Admits foreign spouses of U.S. service members.,War Brides Act; GI brides
"Depression, World War II & Postwar (1925–1964)",Luce–Celler Act,1946,Allows Filipino and Indian immigration and naturalization.,Luce-Celler Act
"Depression, World War II & Postwar (1925–1964)",Displaced Persons Act,1948,Admits European WWII refugees; first major U.S. refugee law.,Displaced Persons Act; DPs; displaced persons
"Depression, World War II & Postwar (1925–1964)",McCarran–Walter Act,1952,Ends racial bars to naturalization but keeps national-origins quotas; Cold War exclusions.,Immigration and Nationality Act of 1952; McCarran-Walter
"Depression, World War II & Postwar (1925–1964)",Operation Wetback,1954,Mass deportation campaign targeting Mexicans.,Operation Wetback (term appears in historical sources)
"Depression, World War II & Postwar (1925–1964)",Hungarian refugees,1956,Refugees after the failed Hungarian Revolution.,Hungarian Revolution refugees; parole
"Depression, World War II & Postwar (1925–1964)",Cuban exodus after the Revolution,1959–1962,"Early waves of Cubans fleeing Castro, including Operation Pedro Pan.",Cuban exiles; Operation Pedro Pan; Freedom Flights
"Depression, World War II & Postwar (1925–1964)",Hernandez v. Texas,1954,Supreme Court extends equal protection to Mexican Americans.,Hernandez v. Texas
"Reform, Civil Rights & Late 20th Century (1965–2000)",Immigration and Nationality Act of 1965,1965,Ends national-origins quotas; family reunification and skills preferences; reshapes U.S. demographics.,Hart-Celler Act; Immigration Act of 1965; family reunification
"Reform, Civil Rights & Late 20th Century (1965–2000)",Chicano Movement and farmworker organizing,1960s–1970s,"Mexican American civil rights; Cesar Chavez, Dolores Huerta and the UFW.",Chicano Movement; United Farm Workers; UFW; Cesar Chavez; Dolores Huerta; Delano grape strike
"Reform, Civil Rights & Late 20th Century (1965–2000)",Cuban Adjustment Act,1966,Lets Cuban arrivals become permanent residents.,Cuban Adjustment Act; wet foot dry foot
"Reform, Civil Rights & Late 20th Century (1965–2000)",Bilingual education,1968–1974,Bilingual Education Act and Lau v. Nichols on schooling for English learners.,Bilingual Education Act; Lau v. Nichols; English language learners
"Reform, Civil Rights & Late 20th Century (1965–2000)",Southeast Asian refugees after the Vietnam War,1975–1990s,"Vietnamese, Cambodian, Lao and Hmong refugees; 'boat people'.",Vietnamese refugees; boat people; Hmong refugees; Indochina Migration and Refugee Assistance Act; Operation Babylift
"Reform, Civil Rights & Late 20th Century (1965–2000)",Refugee Act of 1980,1980,Creates the modern refugee and asylum system.,Refugee Act; asylum
"Reform, Civil Rights & Late 20th Century (1965–2000)",Mariel Boatlift,1980,"~125,000 Cubans arrive by boat from Mariel.",Mariel boatlift; Marielitos
"Reform, Civil Rights & Late 20th Century (1965–2000)",Haitian refugees,1980s–1990s,Haitian boat migration and interdiction policies.,Haitian boat people; interdiction
"Reform, Civil Rights & Late 20th Century (1965–2000)",Plyler v. Doe,1982,Supreme Court rules states cannot deny public education to undocumented children.,Plyler v. Doe
"Reform, Civil Rights & Late 20th Century (1965–2000)",Central American refugees and the Sanctuary Movement,1980s,Salvadorans and Guatemalans flee civil wars; churches offer sanctuary.,Sanctuary Movement; Central American refugees; Salvadoran refugees
"Reform, Civil Rights & Late 20th Century (1965–2000)",Immigration Reform and Control Act (IRCA),1986,Amnesty for ~2.7 million undocumented immigrants plus employer sanctions.,IRCA; Simpson-Mazzoli; amnesty; Reagan amnesty
"Reform, Civil Rights & Late 20th Century (1965–2000)",Immigration Act of 1990,1990,Raises legal immigration caps; creates diversity visa lottery.,Immigration Act of 1990; diversity visa; green card lottery
"Reform, Civil Rights & Late 20th Century (1965–2000)",California Proposition 187,1994,Ballot measure to bar undocumented immigrants from public services; blocked in court.,Prop 187; Save Our State
"Reform, Civil Rights & Late 20th Century (1965–2000)",Operation Gatekeeper and border buildup,1994,"Border enforcement concentrated in urban areas, shifting crossings to deserts.",Operation Gatekeeper; Operation Hold the Line; border wall
"Reform, Civil Rights & Late 20th Century (1965–2000)",NAFTA and migration,1994,Trade agreement often taught alongside Mexican migration patterns.,NAFTA; North American Free Trade Agreement
"Reform, Civil Rights & Late 20th Century (1965–2000)",IIRIRA and 1996 reforms,1996,Expands deportation grounds and expedited removal; welfare limits for immigrants.,Illegal Immigration Reform and Immigrant Responsibility Act; IIRIRA; 1996 welfare reform
"Reform, Civil Rights & Late 20th Century (1965–2000)",English-only movement,1980s–1990s,Campaigns to make English the official language.,English-only; official language; U.S. English
21st Century (2000–present),Post-9/11 immigration changes,2001–2003,"USA PATRIOT Act, NSEERS registration, creation of DHS and ICE.",9/11; Department of Homeland Security; DHS; ICE; NSEERS; PATRIOT Act
21st Century (2000–present),DREAM Act and Dreamers,2001–present,Proposed path to citizenship for those brought as children.,DREAM Act; Dreamers; undocumented youth
21st Century (2000–present),Immigration protests of 2006,2006,Mass marches against the Sensenbrenner bill.,A Day Without Immigrants; Gran Marcha; HR 4437; Sensenbrenner bill
21st Century (2000–present),Secure Fence Act,2006,Authorizes border fencing.,Secure Fence Act; border fence
21st Century (2000–present),Arizona SB 1070,2010,State 'show me your papers' law; partly struck down in Arizona v. United States.,SB 1070; Arizona v. United States; show me your papers
21st Century (2000–present),DACA,2012–present,Deferred Action for Childhood Arrivals.,DACA; Deferred Action for Childhood Arrivals; DAPA
21st Century (2000–present),Unaccompanied minors and Central American migration,2014–present,Children and families fleeing violence in the Northern Triangle.,unaccompanied minors; Northern Triangle; migrant caravans
21st Century (2000–present),Syrian and global refugee crisis,2015–present,Debates over refugee admissions.,Syrian refugees; refugee cap; refugee resettlement
21st Century (2000–present),Travel ban,2017–2021,Executive orders restricting entry from several Muslim-majority countries; upheld in Trump v. Hawaii.,Muslim ban; travel ban; Trump v. Hawaii; Executive Order 13769
21st Century (2000–present),Family separation and zero tolerance,2018,Separation of migrant families at the border.,family separation; zero tolerance; Flores settlement
21st Century (2000–present),Border wall and Remain in Mexico,2017–present,Border wall construction and the Migrant Protection Protocols.,border wall; Remain in Mexico; MPP; Title 42
21st Century (2000–present),Sanctuary cities and states,2010s–present,Local limits on cooperation with federal immigration enforcement.,sanctuary cities; sanctuary jurisdictions; 287(g)
21st Century (2000–present),Afghan and Ukrainian evacuations/parole,2021–2022,Operation Allies Welcome; Uniting for Ukraine.,Operation Allies Welcome; Uniting for Ukraine; humanitarian parole
21st Century (2000–present),Mass deportation policies and enforcement,2025–present,"Expanded ICE enforcement, Alien Enemies Act invocation, and birthright-citizenship executive order litigation.",mass deportation; Alien Enemies Act; ICE raids; birthright citizenship executive order
Cross-cutting Concepts (appear across eras),Push and pull factors,—,Reasons people leave and are drawn to a place; the most common framing in K-12 standards.,push factors; pull factors; push-pull
Cross-cutting Concepts (appear across eras),Melting pot vs. salad bowl / cultural pluralism,—,Models of assimilation and diversity.,melting pot; salad bowl; mosaic; cultural pluralism; assimilation; acculturation
Cross-cutting Concepts (appear across eras),Nativism and xenophobia,—,Recurring anti-immigrant sentiment.,nativism; xenophobia; anti-immigrant
Cross-cutting Concepts (appear across eras),Citizenship and naturalization,—,How immigrants become citizens; civics test and oath.,naturalization; citizenship test; oath of allegiance; green card; lawful permanent resident
Cross-cutting Concepts (appear across eras),Refugees and asylum seekers,—,Forced migrants fleeing persecution.,refugee; asylum; asylee; asylum seeker
Cross-cutting Concepts (appear across eras),Undocumented / unauthorized immigration,—,Immigration without legal status.,undocumented; unauthorized; illegal immigration; illegal alien
Cross-cutting Concepts (appear across eras),Ethnic enclaves,—,Immigrant neighborhoods.,Chinatown; Little Italy; ethnic neighborhoods; barrio
Cross-cutting Concepts (appear across eras),Migration patterns and demographics,—,"Geographic study of migration flows, often in geography standards.",migration; emigration; immigration; internal migration; diaspora; remittances; census
Cross-cutting Concepts (appear across eras),Ellis Island-era primary sources,—,Commonly assigned documents.,ship manifests; immigrant letters; oral histories
